family,workflow,instance,instance_scale_tag,instance_label,scheduler,seed,weight_tag,makespan,brown_energy,total_carbon,green_ratio,total_energy
epigenomics/chameleon-cloud,epigenomics/chameleon-cloud,epigenomics-chameleon-hep-1seq-100k-001,medium,Epigenomics-100k,ECDS,1,w_25_25_20_30,105.95375,20.77444428174278,14.6092445121815,0.7539751989128323,84.4404474262019
epigenomics/chameleon-cloud,epigenomics/chameleon-cloud,epigenomics-chameleon-hep-1seq-100k-001,medium,Epigenomics-100k,ECDS,1,w_35_25_20_20,101.5815,22.79236240584855,15.049889651974768,0.6880927594021385,73.0741689810096
epigenomics/chameleon-cloud,epigenomics/chameleon-cloud,epigenomics-chameleon-hep-1seq-100k-001,medium,Epigenomics-100k,ECDS,1,w_40_30_20_10,100.8029,24.97304918826441,15.824128052343758,0.6258835194033768,66.75206916423075
epigenomics/chameleon-cloud,epigenomics/chameleon-cloud,epigenomics-chameleon-hep-1seq-100k-001,medium,Epigenomics-100k,ECDS,1,w_50_30_20_00,100.02646153846152,39.53297990074034,22.35289865708013,0.2357553584207371,51.728174134198746
epigenomics/chameleon-cloud,epigenomics/chameleon-cloud,epigenomics-chameleon-hep-1seq-100k-001,medium,Epigenomics-100k,ECDS,1,w_50_30_20_20,101.5815,22.79236240584855,15.049889651974768,0.6880927594021385,73.0741689810096
epigenomics/chameleon-cloud,epigenomics/chameleon-cloud,epigenomics-chameleon-hep-1seq-100k-001,medium,Epigenomics-100k,ECDS,1,w_50_30_20_30,105.95375,20.79062611974278,14.6158179951815,0.7536950384087727,84.4100987062019
epigenomics/chameleon-cloud,epigenomics/chameleon-cloud,epigenomics-chameleon-hep-1seq-100k-001,medium,Epigenomics-100k,ECDS,1,w_55_25_20_00,100.02646153846152,39.53297990074034,22.35289865708013,0.2357553584207371,51.728174134198746
epigenomics/chameleon-cloud,epigenomics/chameleon-cloud,epigenomics-chameleon-hep-1seq-100k-001,medium,Epigenomics-100k,ECDS,1,w_70_20_10_00,100.02646153846152,39.53297990074034,22.35289865708013,0.2357553584207371,51.728174134198746
epigenomics/chameleon-cloud,epigenomics/chameleon-cloud,epigenomics-chameleon-hep-1seq-100k-001,medium,Epigenomics-100k,ECDS,2,w_25_25_20_30,106.11966666666667,11.975418019759612,10.730377380464748,0.8737480982854106,94.8533674116987
epigenomics/chameleon-cloud,epigenomics/chameleon-cloud,epigenomics-chameleon-hep-1seq-100k-001,medium,Epigenomics-100k,ECDS,2,w_35_25_20_20,106.11966666666667,12.219576813341344,10.784368284827725,0.8692975932399842,93.491597563141
epigenomics/chameleon-cloud,epigenomics/chameleon-cloud,epigenomics-chameleon-hep-1seq-100k-001,medium,Epigenomics-100k,ECDS,2,w_40_30_20_10,99.857375,23.644027936177867,15.027308059319717,0.6311722534156133,64.1058818246154
epigenomics/chameleon-cloud,epigenomics/chameleon-cloud,epigenomics-chameleon-hep-1seq-100k-001,medium,Epigenomics-100k,ECDS,2,w_50_30_20_00,99.794875,37.434680802872535,21.213231375113384,0.2500737973397576,49.917819473541705
epigenomics/chameleon-cloud,epigenomics/chameleon-cloud,epigenomics-chameleon-hep-1seq-100k-001,medium,Epigenomics-100k,ECDS,2,w_50_30_20_20,106.11966666666667,13.198406320552882,11.19502889179888,0.8564087599098245,91.91651463044867
epigenomics/chameleon-cloud,epigenomics/chameleon-cloud,epigenomics-chameleon-hep-1seq-100k-001,medium,Epigenomics-100k,ECDS,2,w_50_30_20_30,106.11966666666667,11.998836019759612,10.739890380464749,0.8734426120251907,94.8094474116987
epigenomics/chameleon-cloud,epigenomics/chameleon-cloud,epigenomics-chameleon-hep-1seq-100k-001,medium,Epigenomics-100k,ECDS,2,w_55_25_20_00,99.794875,37.434680802872535,21.213231375113384,0.2500737973397576,49.917819473541705
epigenomics/chameleon-cloud,epigenomics/chameleon-cloud,epigenomics-chameleon-hep-1seq-100k-001,medium,Epigenomics-100k,ECDS,2,w_70_20_10_00,99.794875,37.434680802872535,21.213231375113384,0.2500737973397576,49.917819473541705
epigenomics/chameleon-cloud,epigenomics/chameleon-cloud,epigenomics-chameleon-hep-1seq-100k-001,medium,Epigenomics-100k,ECDS,3,w_25_25_20_30,104.5815,12.503617456838938,10.598213177372203,0.8561613673590396,86.92808897905446
epigenomics/chameleon-cloud,epigenomics/chameleon-cloud,epigenomics-chameleon-hep-1seq-100k-001,medium,Epigenomics-100k,ECDS,3,w_35_25_20_20,104.5815,12.5679792764423,10.611087496147444,0.8547758834085465,86.5419571585256
epigenomics/chameleon-cloud,epigenomics/chameleon-cloud,epigenomics-chameleon-hep-1seq-100k-001,medium,Epigenomics-100k,ECDS,3,w_40_30_20_10,104.5815,20.73149203480767,13.705440020554493,0.6896198871026852,66.79388006301275
epigenomics/chameleon-cloud,epigenomics/chameleon-cloud,epigenomics-chameleon-hep-1seq-100k-001,medium,Epigenomics-100k,ECDS,3,w_50_30_20_00,101.14673076923076,37.85374691334129,21.43224757350561,0.2445490144768803,50.10748233669876
epigenomics/chameleon-cloud,epigenomics/chameleon-cloud,epigenomics-chameleon-hep-1seq-100k-001,medium,Epigenomics-100k,ECDS,3,w_50_30_20_20,104.5815,12.5679792764423,10.611087496147444,0.8547758834085465,86.5419571585256
epigenomics/chameleon-cloud,epigenomics/chameleon-cloud,epigenomics-chameleon-hep-1seq-100k-001,medium,Epigenomics-100k,ECDS,3,w_50_30_20_30,104.5815,12.503617456838938,10.598213177372203,0.8561613673590396,86.92808897905446
epigenomics/chameleon-cloud,epigenomics/chameleon-cloud,epigenomics-chameleon-hep-1seq-100k-001,medium,Epigenomics-100k,ECDS,3,w_55_25_20_00,101.14673076923076,37.85374691334129,21.43224757350561,0.2445490144768803,50.10748233669876
epigenomics/chameleon-cloud,epigenomics/chameleon-cloud,epigenomics-chameleon-hep-1seq-100k-001,medium,Epigenomics-100k,ECDS,3,w_70_20_10_00,101.14673076923076,37.85374691334129,21.43224757350561,0.2445490144768803,50.10748233669876
epigenomics/chameleon-cloud,epigenomics/chameleon-cloud,epigenomics-chameleon-hep-1seq-100k-001,medium,Epigenomics-100k,ECDS,4,w_25_25_20_30,99.3202,28.660281399941518,17.704868837014835,0.5753690336513286,67.4945627408814
epigenomics/chameleon-cloud,epigenomics/chameleon-cloud,epigenomics-chameleon-hep-1seq-100k-001,medium,Epigenomics-100k,ECDS,4,w_35_25_20_20,99.3202,28.76261032740065,17.730810349708342,0.5706438902147167,66.99010372016025
epigenomics/chameleon-cloud,epigenomics/chameleon-cloud,epigenomics-chameleon-hep-1seq-100k-001,medium,Epigenomics-100k,ECDS,4,w_40_30_20_10,99.3202,32.59208921303767,19.15520794823598,0.4300414960996319,57.18326683434295
epigenomics/chameleon-cloud,epigenomics/chameleon-cloud,epigenomics-chameleon-hep-1seq-100k-001,medium,Epigenomics-100k,ECDS,4,w_50_30_20_00,99.12315384615384,40.25103963323395,22.61573166870833,0.1918149534259486,49.804237041826944
epigenomics/chameleon-cloud,epigenomics/chameleon-cloud,epigenomics-chameleon-hep-1seq-100k-001,medium,Epigenomics-100k,ECDS,4,w_50_30_20_20,99.3202,28.76261032740065,17.730810349708342,0.5706438902147167,66.99010372016025
epigenomics/chameleon-cloud,epigenomics/chameleon-cloud,epigenomics-chameleon-hep-1seq-100k-001,medium,Epigenomics-100k,ECDS,4,w_50_30_20_30,99.3202,28.683722817941515,17.714391350014832,0.5747447269650987,67.45059882088141
epigenomics/chameleon-cloud,epigenomics/chameleon-cloud,epigenomics-chameleon-hep-1seq-100k-001,medium,Epigenomics-100k,ECDS,4,w_55_25_20_00,99.12315384615384,40.431543699483946,22.71660158808333,0.1916374177815908,50.01659476682695
epigenomics/chameleon-cloud,epigenomics/chameleon-cloud,epigenomics-chameleon-hep-1seq-100k-001,medium,Epigenomics-100k,ECDS,4,w_70_20_10_00,99.12315384615384,40.61189476560895,22.815549213270824,0.1908697572542356,50.19203660932696
epigenomics/chameleon-cloud,epigenomics/chameleon-cloud,epigenomics-chameleon-hep-1seq-100k-001,medium,Epigenomics-100k,ECDS,5,w_25_25_20_30,102.2455,23.851477332944707,15.608835447588548,0.6762034946348016,73.66193562232364
epigenomics/chameleon-cloud,epigenomics/chameleon-cloud,epigenomics-chameleon-hep-1seq-100k-001,medium,Epigenomics-100k,ECDS,5,w_35_25_20_20,102.2455,23.903641958425485,15.62893038669432,0.6749669467300826,73.54218814963134
epigenomics/chameleon-cloud,epigenomics/chameleon-cloud,epigenomics-chameleon-hep-1seq-100k-001,medium,Epigenomics-100k,ECDS,5,w_40_30_20_10,99.3063076923077,29.22261421747596,17.598723682489577,0.5109049324718354,59.74833147503208
epigenomics/chameleon-cloud,epigenomics/chameleon-cloud,epigenomics-chameleon-hep-1seq-100k-001,medium,Epigenomics-100k,ECDS,5,w_50_30_20_00,99.3063076923077,39.2373208310817,22.105787838199507,0.2111919865139359,49.74254845317313
epigenomics/chameleon-cloud,epigenomics/chameleon-cloud,epigenomics-chameleon-hep-1seq-100k-001,medium,Epigenomics-100k,ECDS,5,w_50_30_20_20,102.2455,23.903641958425485,15.62893038669432,0.6749669467300826,73.54218814963134
epigenomics/chameleon-cloud,epigenomics/chameleon-cloud,epigenomics-chameleon-hep-1seq-100k-001,medium,Epigenomics-100k,ECDS,5,w_50_30_20_30,102.2455,23.898313332944717,15.627861447588549,0.6751803317349445,73.57409562232364
epigenomics/chameleon-cloud,epigenomics/chameleon-cloud,epigenomics-chameleon-hep-1seq-100k-001,medium,Epigenomics-100k,ECDS,5,w_55_25_20_00,99.3063076923077,39.2373208310817,22.105787838199507,0.2111919865139359,49.74254845317313
epigenomics/chameleon-cloud,epigenomics/chameleon-cloud,epigenomics-chameleon-hep-1seq-100k-001,medium,Epigenomics-100k,ECDS,5,w_70_20_10_00,99.3063076923077,39.2373208310817,22.105787838199507,0.2111919865139359,49.74254845317313
epigenomics/chameleon-cloud,epigenomics/chameleon-cloud,epigenomics-chameleon-hep-1seq-100k-001,medium,Epigenomics-100k,GREENHEFT,1,w_25_25_20_30,100.02646153846152,38.03064537588698,21.534503314888227,0.2451782740562952,50.38361253889421
epigenomics/chameleon-cloud,epigenomics/chameleon-cloud,epigenomics-chameleon-hep-1seq-100k-001,medium,Epigenomics-100k,GREENHEFT,1,w_35_25_20_20,100.02646153846152,38.23566130026198,21.628488872034065,0.2385331271557959,50.21316443806088
epigenomics/chameleon-cloud,epigenomics/chameleon-cloud,epigenomics-chameleon-hep-1seq-100k-001,medium,Epigenomics-100k,GREENHEFT,1,w_40_30_20_10,100.02646153846152,38.29379554776199,21.65441161228406,0.2364190585653933,50.15027676806088
epigenomics/chameleon-cloud,epigenomics/chameleon-cloud,epigenomics-chameleon-hep-1seq-100k-001,medium,Epigenomics-100k,GREENHEFT,1,w_50_30_20_00,100.02646153846152,38.31721354776199,21.66392461228406,0.2352823869208863,50.10635676806088
epigenomics/chameleon-cloud,epigenomics/chameleon-cloud,epigenomics-chameleon-hep-1seq-100k-001,medium,Epigenomics-100k,GREENHEFT,1,w_50_30_20_20,100.02646153846152,38.31721354776199,21.66392461228406,0.2352823869208863,50.10635676806088
epigenomics/chameleon-cloud,epigenomics/chameleon-cloud,epigenomics-chameleon-hep-1seq-100k-001,medium,Epigenomics-100k,GREENHEFT,1,w_50_30_20_30,100.02646153846152,38.31721354776199,21.66392461228406,0.2352823869208863,50.10635676806088
epigenomics/chameleon-cloud,epigenomics/chameleon-cloud,epigenomics-chameleon-hep-1seq-100k-001,medium,Epigenomics-100k,GREENHEFT,1,w_55_25_20_00,100.02646153846152,38.28339023526198,21.64968526853406,0.2367715195875583,50.15980301806088
epigenomics/chameleon-cloud,epigenomics/chameleon-cloud,epigenomics-chameleon-hep-1seq-100k-001,medium,Epigenomics-100k,GREENHEFT,1,w_70_20_10_00,100.02646153846152,38.37216350588698,21.689125230929893,0.233489872561937,50.06086955972755
epigenomics/chameleon-cloud,epigenomics/chameleon-cloud,epigenomics-chameleon-hep-1seq-100k-001,medium,Epigenomics-100k,GREENHEFT,2,w_25_25_20_30,98.57453846153844,37.30618153903841,21.163187833940704,0.2568777106705876,50.20194128842948
epigenomics/chameleon-cloud,epigenomics/chameleon-cloud,epigenomics-chameleon-hep-1seq-100k-001,medium,Epigenomics-100k,GREENHEFT,2,w_35_25_20_20,98.57453846153844,37.33346504653841,21.176033538190705,0.2560983153368952,50.18602029842947
epigenomics/chameleon-cloud,epigenomics/chameleon-cloud,epigenomics-chameleon-hep-1seq-100k-001,medium,Epigenomics-100k,GREENHEFT,2,w_40_30_20_10,98.57453846153844,37.43922735091341,21.2223185440032,0.2520247229019559,50.05409737092947
epigenomics/chameleon-cloud,epigenomics/chameleon-cloud,epigenomics-chameleon-hep-1seq-100k-001,medium,Epigenomics-100k,GREENHEFT,2,w_50_30_20_00,98.57453846153844,37.49414140403841,21.247574807440703,0.2502683494351109,50.01008210842947
epigenomics/chameleon-cloud,epigenomics/chameleon-cloud,epigenomics-chameleon-hep-1seq-100k-001,medium,Epigenomics-100k,GREENHEFT,2,w_50_30_20_20,98.57453846153844,37.49414140403841,21.247574807440703,0.2502683494351109,50.01008210842947
epigenomics/chameleon-cloud,epigenomics/chameleon-cloud,epigenomics-chameleon-hep-1seq-100k-001,medium,Epigenomics-100k,GREENHEFT,2,w_50_30_20_30,98.57453846153844,37.49414140403841,21.247574807440703,0.2502683494351109,50.01008210842947
epigenomics/chameleon-cloud,epigenomics/chameleon-cloud,epigenomics-chameleon-hep-1seq-100k-001,medium,Epigenomics-100k,GREENHEFT,2,w_55_25_20_00,98.57453846153844,37.35484651341341,21.1858682027532,0.2554182508113657,50.168898920929465
epigenomics/chameleon-cloud,epigenomics/chameleon-cloud,epigenomics-chameleon-hep-1seq-100k-001,medium,Epigenomics-100k,GREENHEFT,2,w_70_20_10_00,98.57453846153844,37.69133484278839,21.338029606065707,0.2438632098778076,49.84724369342948
epigenomics/chameleon-cloud,epigenomics/chameleon-cloud,epigenomics-chameleon-hep-1seq-100k-001,medium,Epigenomics-100k,GREENHEFT,3,w_25_25_20_30,101.14673076923076,37.58901586000959,21.297470799767638,0.2491095989855506,50.05925739525641
epigenomics/chameleon-cloud,epigenomics/chameleon-cloud,epigenomics-chameleon-hep-1seq-100k-001,medium,Epigenomics-100k,GREENHEFT,3,w_35_25_20_20,101.14673076923076,37.58901586000959,21.297470799767638,0.2491095989855506,50.05925739525641
epigenomics/chameleon-cloud,epigenomics/chameleon-cloud,epigenomics-chameleon-hep-1seq-100k-001,medium,Epigenomics-100k,GREENHEFT,3,w_40_30_20_10,101.14673076923076,37.652008481884586,21.32592171883013,0.2469349725556382,49.9983495577564
epigenomics/chameleon-cloud,epigenomics/chameleon-cloud,epigenomics-chameleon-hep-1seq-100k-001,medium,Epigenomics-100k,GREENHEFT,3,w_50_30_20_00,101.14673076923076,37.816438481884575,21.40154871883013,0.2416477882834774,49.8665895577564
epigenomics/chameleon-cloud,epigenomics/chameleon-cloud,epigenomics-chameleon-hep-1seq-100k-001,medium,Epigenomics-100k,GREENHEFT,3,w_50_30_20_20,101.14673076923076,37.816438481884575,21.40154871883013,0.2416477882834774,49.8665895577564
epigenomics/chameleon-cloud,epigenomics/chameleon-cloud,epigenomics-chameleon-hep-1seq-100k-001,medium,Epigenomics-100k,GREENHEFT,3,w_50_30_20_30,101.14673076923076,37.816438481884575,21.40154871883013,0.2416477882834774,49.8665895577564
epigenomics/chameleon-cloud,epigenomics/chameleon-cloud,epigenomics-chameleon-hep-1seq-100k-001,medium,Epigenomics-100k,GREENHEFT,3,w_55_25_20_00,101.14673076923076,37.67841332569469,21.348129363655858,0.2491117140924079,50.178454016169866
epigenomics/chameleon-cloud,epigenomics/chameleon-cloud,epigenomics-chameleon-hep-1seq-100k-001,medium,Epigenomics-100k,GREENHEFT,3,w_70_20_10_00,101.14673076923076,37.972976242882176,21.483017000062105,0.239484538551436,49.93057757241986
epigenomics/chameleon-cloud,epigenomics/chameleon-cloud,epigenomics-chameleon-hep-1seq-100k-001,medium,Epigenomics-100k,GREENHEFT,4,w_25_25_20_30,99.12315384615384,39.95015324790143,22.47885489123678,0.2022026516907791,50.075565345721145
epigenomics/chameleon-cloud,epigenomics/chameleon-cloud,epigenomics-chameleon-hep-1seq-100k-001,medium,Epigenomics-100k,GREENHEFT,4,w_35_25_20_20,99.12315384615384,40.05348159876681,22.522060624073315,0.1974278967678156,49.90639649379807
epigenomics/chameleon-cloud,epigenomics/chameleon-cloud,epigenomics-chameleon-hep-1seq-100k-001,medium,Epigenomics-100k,GREENHEFT,4,w_40_30_20_10,99.12315384615384,40.096912236771615,22.541127999311296,0.1957041650045726,49.853437618509616
epigenomics/chameleon-cloud,epigenomics/chameleon-cloud,epigenomics-chameleon-hep-1seq-100k-001,medium,Epigenomics-100k,GREENHEFT,4,w_50_30_20_00,99.12315384615384,40.096912236771615,22.541127999311296,0.1957041650045726,49.853437618509616
epigenomics/chameleon-cloud,epigenomics/chameleon-cloud,epigenomics-chameleon-hep-1seq-100k-001,medium,Epigenomics-100k,GREENHEFT,4,w_50_30_20_20,99.12315384615384,40.096912236771615,22.541127999311296,0.1957041650045726,49.853437618509616
epigenomics/chameleon-cloud,epigenomics/chameleon-cloud,epigenomics-chameleon-hep-1seq-100k-001,medium,Epigenomics-100k,GREENHEFT,4,w_50_30_20_30,99.12315384615384,40.096912236771615,22.541127999311296,0.1957041650045726,49.853437618509616
epigenomics/chameleon-cloud,epigenomics/chameleon-cloud,epigenomics-chameleon-hep-1seq-100k-001,medium,Epigenomics-100k,GREENHEFT,4,w_55_25_20_00,99.12315384615384,40.096912236771615,22.541127999311296,0.1957041650045726,49.853437618509616
epigenomics/chameleon-cloud,epigenomics/chameleon-cloud,epigenomics-chameleon-hep-1seq-100k-001,medium,Epigenomics-100k,GREENHEFT,4,w_70_20_10_00,99.12315384615384,40.20255899678764,22.5896648278129,0.1921958685117868,49.767706588381415
epigenomics/chameleon-cloud,epigenomics/chameleon-cloud,epigenomics-chameleon-hep-1seq-100k-001,medium,Epigenomics-100k,GREENHEFT,5,w_25_25_20_30,99.3063076923077,39.14153897642547,22.061150992098156,0.214145725958893,49.80763007770832
epigenomics/chameleon-cloud,epigenomics/chameleon-cloud,epigenomics-chameleon-hep-1seq-100k-001,medium,Epigenomics-100k,GREENHEFT,5,w_35_25_20_20,99.3063076923077,39.14804229673797,22.064104956941904,0.2139211908860613,49.80167617145832
epigenomics/chameleon-cloud,epigenomics/chameleon-cloud,epigenomics-chameleon-hep-1seq-100k-001,medium,Epigenomics-100k,GREENHEFT,5,w_40_30_20_10,99.3063076923077,39.17639677330047,22.07698424366065,0.2129415903150458,49.77571714020832
epigenomics/chameleon-cloud,epigenomics/chameleon-cloud,epigenomics-chameleon-hep-1seq-100k-001,medium,Epigenomics-100k,GREENHEFT,5,w_50_30_20_00,99.3063076923077,39.27804277330046,22.12121924366065,0.2088051590575591,49.64395714020832
epigenomics/chameleon-cloud,epigenomics/chameleon-cloud,epigenomics-chameleon-hep-1seq-100k-001,medium,Epigenomics-100k,GREENHEFT,5,w_50_30_20_20,99.3063076923077,39.27804277330046,22.12121924366065,0.2088051590575591,49.64395714020832
epigenomics/chameleon-cloud,epigenomics/chameleon-cloud,epigenomics-chameleon-hep-1seq-100k-001,medium,Epigenomics-100k,GREENHEFT,5,w_50_30_20_30,99.3063076923077,39.27804277330046,22.12121924366065,0.2088051590575591,49.64395714020832
epigenomics/chameleon-cloud,epigenomics/chameleon-cloud,epigenomics-chameleon-hep-1seq-100k-001,medium,Epigenomics-100k,GREENHEFT,5,w_55_25_20_00,99.3063076923077,39.17955133580047,22.07874708741065,0.212936897774681,49.77942839020832
epigenomics/chameleon-cloud,epigenomics/chameleon-cloud,epigenomics-chameleon-hep-1seq-100k-001,medium,Epigenomics-100k,GREENHEFT,5,w_70_20_10_00,99.3063076923077,39.36172443130047,22.15701448466065,0.2051836851085247,49.52304538020832
epigenomics/chameleon-cloud,epigenomics/chameleon-cloud,epigenomics-chameleon-hep-1seq-100k-001,medium,Epigenomics-100k,HEFT,1,anchor,100.02646153846152,38.59222561657448,21.797592340211143,0.2286120049342679,50.02959063847756
epigenomics/chameleon-cloud,epigenomics/chameleon-cloud,epigenomics-chameleon-hep-1seq-100k-001,medium,Epigenomics-100k,HEFT,2,anchor,98.57453846153844,37.6857447734134,21.33707320008654,0.2445326661098554,49.88401626759614
epigenomics/chameleon-cloud,epigenomics/chameleon-cloud,epigenomics-chameleon-hep-1seq-100k-001,medium,Epigenomics-100k,HEFT,3,anchor,101.14673076923076,37.96546237062256,21.48015403911499,0.2399072044848248,49.94845707607371
epigenomics/chameleon-cloud,epigenomics/chameleon-cloud,epigenomics-chameleon-hep-1seq-100k-001,medium,Epigenomics-100k,HEFT,4,anchor,99.12315384615384,40.24691177980847,22.610882724302485,0.190993053077175,49.74853668796475
epigenomics/chameleon-cloud,epigenomics/chameleon-cloud,epigenomics-chameleon-hep-1seq-100k-001,medium,Epigenomics-100k,HEFT,5,anchor,99.3063076923077,39.37276894372835,22.16238384170312,0.2049115718012183,49.51998739677884
epigenomics/chameleon-cloud,epigenomics/chameleon-cloud,epigenomics-chameleon-hep-1seq-100k-001,medium,Epigenomics-100k,MOHEFT,1,w_25_25_20_30,100.02646153846152,35.41629994606006,20.3425466181911,0.3278100317369845,52.68793290322117
epigenomics/chameleon-cloud,epigenomics/chameleon-cloud,epigenomics-chameleon-hep-1seq-100k-001,medium,Epigenomics-100k,MOHEFT,1,w_35_25_20_20,100.02646153846152,38.30708485548072,21.653748463096157,0.2339214385979627,50.00412070711538
epigenomics/chameleon-cloud,epigenomics/chameleon-cloud,epigenomics-chameleon-hep-1seq-100k-001,medium,Epigenomics-100k,MOHEFT,1,w_40_30_20_10,100.02646153846152,38.54331380583168,21.768342571186697,0.2281104046124025,49.933713365416665
epigenomics/chameleon-cloud,epigenomics/chameleon-cloud,epigenomics-chameleon-hep-1seq-100k-001,medium,Epigenomics-100k,MOHEFT,1,w_50_30_20_00,100.02646153846152,38.603401203331686,21.7965420964367,0.2263355951822162,49.89682989541667
epigenomics/chameleon-cloud,epigenomics/chameleon-cloud,epigenomics-chameleon-hep-1seq-100k-001,medium,Epigenomics-100k,MOHEFT,1,w_50_30_20_20,100.02646153846152,38.33095507145668,21.665403855040864,0.2333583038959711,49.99852638625
epigenomics/chameleon-cloud,epigenomics/chameleon-cloud,epigenomics-chameleon-hep-1seq-100k-001,medium,Epigenomics-100k,MOHEFT,1,w_50_30_20_30,100.02646153846152,38.24598402798072,21.626489810846152,0.2361490376381547,50.06995593711539
epigenomics/chameleon-cloud,epigenomics/chameleon-cloud,epigenomics-chameleon-hep-1seq-100k-001,medium,Epigenomics-100k,MOHEFT,1,w_55_25_20_00,100.02646153846152,38.64089283864419,21.817737873113785,0.2263439499627622,49.94582907583332
epigenomics/chameleon-cloud,epigenomics/chameleon-cloud,epigenomics-chameleon-hep-1seq-100k-001,medium,Epigenomics-100k,MOHEFT,1,w_70_20_10_00,100.02646153846152,38.64089283864419,21.817737873113785,0.2263439499627622,49.94582907583332
epigenomics/chameleon-cloud,epigenomics/chameleon-cloud,epigenomics-chameleon-hep-1seq-100k-001,medium,Epigenomics-100k,MOHEFT,2,w_25_25_20_30,98.63607692307691,33.60339258020429,19.455676382268027,0.3669245545700156,53.0796018433173
epigenomics/chameleon-cloud,epigenomics/chameleon-cloud,epigenomics-chameleon-hep-1seq-100k-001,medium,Epigenomics-100k,MOHEFT,2,w_35_25_20_20,98.59807692307692,37.58936673126197,21.288227076200723,0.2462661357824401,49.870874211394245
epigenomics/chameleon-cloud,epigenomics/chameleon-cloud,epigenomics-chameleon-hep-1seq-100k-001,medium,Epigenomics-100k,MOHEFT,2,w_40_30_20_10,98.59807692307692,37.67630235230764,21.327697694793272,0.2433099347567443,49.79093037278847
epigenomics/chameleon-cloud,epigenomics/chameleon-cloud,epigenomics-chameleon-hep-1seq-100k-001,medium,Epigenomics-100k,MOHEFT,2,w_50_30_20_00,98.59807692307692,37.72678642961532,21.35045533860096,0.2415391222299975,49.74124247586538
epigenomics/chameleon-cloud,epigenomics/chameleon-cloud,epigenomics-chameleon-hep-1seq-100k-001,medium,Epigenomics-100k,MOHEFT,2,w_50_30_20_20,98.59807692307692,37.62861276313696,21.30610239426322,0.2449499764139162,49.83592025389424
epigenomics/chameleon-cloud,epigenomics/chameleon-cloud,epigenomics-chameleon-hep-1seq-100k-001,medium,Epigenomics-100k,MOHEFT,2,w_50_30_20_30,98.59807692307692,37.241086527511975,21.12936129407572,0.2577961797658517,50.17636060639422
epigenomics/chameleon-cloud,epigenomics/chameleon-cloud,epigenomics-chameleon-hep-1seq-100k-001,medium,Epigenomics-100k,MOHEFT,2,w_55_25_20_00,98.59807692307692,37.72956986711532,21.35203261985096,0.2415397534584996,49.74495372586538
epigenomics/chameleon-cloud,epigenomics/chameleon-cloud,epigenomics-chameleon-hep-1seq-100k-001,medium,Epigenomics-100k,MOHEFT,2,w_70_20_10_00,98.59807692307692,37.73235330461532,21.35360990110096,0.2415403845928223,49.748664975865374
epigenomics/chameleon-cloud,epigenomics/chameleon-cloud,epigenomics-chameleon-hep-1seq-100k-001,medium,Epigenomics-100k,MOHEFT,3,w_25_25_20_30,101.20826923076922,34.324206127451895,19.816301228793268,0.3533978250154224,53.08396330134616
epigenomics/chameleon-cloud,epigenomics/chameleon-cloud,epigenomics-chameleon-hep-1seq-100k-001,medium,Epigenomics-100k,MOHEFT,3,w_35_25_20_20,101.15826923076922,37.839135747283606,21.40535325503125,0.2388897281604098,49.71570762778848
epigenomics/chameleon-cloud,epigenomics/chameleon-cloud,epigenomics-chameleon-hep-1seq-100k-001,medium,Epigenomics-100k,MOHEFT,3,w_40_30_20_10,101.15826923076922,37.86345131002399,21.41688044090465,0.2382073840035663,49.70309571785257
epigenomics/chameleon-cloud,epigenomics/chameleon-cloud,epigenomics-chameleon-hep-1seq-100k-001,medium,Epigenomics-100k,MOHEFT,3,w_50_30_20_00,101.15442307692308,37.90706048991582,21.437485609510016,0.2369617217990666,49.67910729104168
epigenomics/chameleon-cloud,epigenomics/chameleon-cloud,epigenomics-chameleon-hep-1seq-100k-001,medium,Epigenomics-100k,MOHEFT,3,w_50_30_20_20,101.15826923076922,37.8563126099038,21.41366587750321,0.2384597301903413,49.71019145102565
epigenomics/chameleon-cloud,epigenomics/chameleon-cloud,epigenomics-chameleon-hep-1seq-100k-001,medium,Epigenomics-100k,MOHEFT,3,w_50_30_20_30,101.15826923076922,37.57900293478362,21.28719466128125,0.2477258010167091,49.95386387778845
epigenomics/chameleon-cloud,epigenomics/chameleon-cloud,epigenomics-chameleon-hep-1seq-100k-001,medium,Epigenomics-100k,MOHEFT,3,w_55_25_20_00,101.15442307692308,37.91541080241582,21.442217453260017,0.2369646431962439,49.69024104104166
epigenomics/chameleon-cloud,epigenomics/chameleon-cloud,epigenomics-chameleon-hep-1seq-100k-001,medium,Epigenomics-100k,MOHEFT,3,w_70_20_10_00,101.15442307692308,37.87996528432688,21.426238359676287,0.2382126058573538,49.725114350256405
epigenomics/chameleon-cloud,epigenomics/chameleon-cloud,epigenomics-chameleon-hep-1seq-100k-001,medium,Epigenomics-100k,MOHEFT,4,w_25_25_20_30,99.12315384615384,39.42583842796394,22.200322921070903,0.2074901569937597,49.74807414177887
epigenomics/chameleon-cloud,epigenomics/chameleon-cloud,epigenomics-chameleon-hep-1seq-100k-001,medium,Epigenomics-100k,MOHEFT,4,w_35_25_20_20,99.12315384615384,39.8987602456466,22.4178049503161,0.1918173929936457,49.36849654985577
epigenomics/chameleon-cloud,epigenomics/chameleon-cloud,epigenomics-chameleon-hep-1seq-100k-001,medium,Epigenomics-100k,MOHEFT,4,w_40_30_20_10,99.12315384615384,40.20852188504804,22.58944876811057,0.1910365592677422,49.70375651173077
epigenomics/chameleon-cloud,epigenomics/chameleon-cloud,epigenomics-chameleon-hep-1seq-100k-001,medium,Epigenomics-100k,MOHEFT,4,w_50_30_20_00,99.12315384615384,40.21024112161054,22.590409517954328,0.1910348894050301,49.70577914298077
epigenomics/chameleon-cloud,epigenomics/chameleon-cloud,epigenomics-chameleon-hep-1seq-100k-001,medium,Epigenomics-100k,MOHEFT,4,w_50_30_20_20,99.12315384615384,39.9226352909591,22.42963946765985,0.1913000376973705,49.36643644360576
epigenomics/chameleon-cloud,epigenomics/chameleon-cloud,epigenomics-chameleon-hep-1seq-100k-001,medium,Epigenomics-100k,MOHEFT,4,w_50_30_20_30,99.12315384615384,39.79823280814661,22.3724899190661,0.1954665850729246,49.46747029985576
epigenomics/chameleon-cloud,epigenomics/chameleon-cloud,epigenomics-chameleon-hep-1seq-100k-001,medium,Epigenomics-100k,MOHEFT,4,w_55_25_20_00,99.12315384615384,40.21024112161054,22.590409517954328,0.1910348894050301,49.70577914298077
epigenomics/chameleon-cloud,epigenomics/chameleon-cloud,epigenomics-chameleon-hep-1seq-100k-001,medium,Epigenomics-100k,MOHEFT,4,w_70_20_10_00,99.12315384615384,40.21024112161054,22.590409517954328,0.1910348894050301,49.70577914298077
epigenomics/chameleon-cloud,epigenomics/chameleon-cloud,epigenomics-chameleon-hep-1seq-100k-001,medium,Epigenomics-100k,MOHEFT,5,w_25_25_20_30,99.3063076923077,38.795289223509606,21.889860837908643,0.221670880391845,49.84432452307695
epigenomics/chameleon-cloud,epigenomics/chameleon-cloud,epigenomics-chameleon-hep-1seq-100k-001,medium,Epigenomics-100k,MOHEFT,5,w_35_25_20_20,99.3063076923077,39.34175687521152,22.141429882798068,0.2037859209171581,49.41102890384615
epigenomics/chameleon-cloud,epigenomics/chameleon-cloud,epigenomics-chameleon-hep-1seq-100k-001,medium,Epigenomics-100k,MOHEFT,5,w_40_30_20_10,99.3063076923077,39.39449245586056,22.16720667849919,0.2025278694890279,49.39920901137821
epigenomics/chameleon-cloud,epigenomics/chameleon-cloud,epigenomics-chameleon-hep-1seq-100k-001,medium,Epigenomics-100k,MOHEFT,5,w_50_30_20_00,99.3063076923077,39.394533293036034,22.167229819565296,0.2025279218144431,49.39926346094551
epigenomics/chameleon-cloud,epigenomics/chameleon-cloud,epigenomics-chameleon-hep-1seq-100k-001,medium,Epigenomics-100k,MOHEFT,5,w_50_30_20_20,99.3063076923077,39.3572085615096,22.15018583836698,0.2038051821455362,49.43163115224358
epigenomics/chameleon-cloud,epigenomics/chameleon-cloud,epigenomics-chameleon-hep-1seq-100k-001,medium,Epigenomics-100k,MOHEFT,5,w_50_30_20_30,99.3063076923077,39.22082942153364,22.086289125713936,0.20793984572171,49.5174882989423
epigenomics/chameleon-cloud,epigenomics/chameleon-cloud,epigenomics-chameleon-hep-1seq-100k-001,medium,Epigenomics-100k,MOHEFT,5,w_55_25_20_00,99.3063076923077,39.411790083887,22.17699387219751,0.2025452482643955,49.42197660508012
epigenomics/chameleon-cloud,epigenomics/chameleon-cloud,epigenomics-chameleon-hep-1seq-100k-001,medium,Epigenomics-100k,MOHEFT,5,w_70_20_10_00,99.3063076923077,39.41343530765863,22.177912730943103,0.2025430191109931,49.42390154227563
seismology/chameleon-cloud,seismology/chameleon-cloud,seismology-chameleon-200p-001,medium,Seismology-200p,ECDS,1,w_25_25_20_30,100.2604,17.1735982811843,11.034115833561698,0.6491341245185148,48.94633385939108
seismology/chameleon-cloud,seismology/chameleon-cloud,seismology-chameleon-200p-001,medium,Seismology-200p,ECDS,1,w_35_25_20_20,100.17706666666668,17.749077300424698,11.159416503864586,0.6115968021648548,45.697557073044905
seismology/chameleon-cloud,seismology/chameleon-cloud,seismology-chameleon-200p-001,medium,Seismology-200p,ECDS,1,w_40_30_20_10,100.1354,19.625718269090573,11.827626010775244,0.5129531237426764,40.29533752459944
seismology/chameleon-cloud,seismology/chameleon-cloud,seismology-chameleon-200p-001,medium,Seismology-200p,ECDS,1,w_50_30_20_00,100.08733333333332,24.174162858742,13.8498476746194,0.3143117266993177,35.25532490496801
seismology/chameleon-cloud,seismology/chameleon-cloud,seismology-chameleon-200p-001,medium,Seismology-200p,ECDS,1,w_50_30_20_20,100.17706666666668,17.749077300424698,11.159416503864586,0.6115968021648548,45.697557073044905
seismology/chameleon-cloud,seismology/chameleon-cloud,seismology-chameleon-200p-001,medium,Seismology-200p,ECDS,1,w_50_30_20_30,100.2604,17.173785625184305,11.0341919375617,0.6491277782523222,48.94598249939107
seismology/chameleon-cloud,seismology/chameleon-cloud,seismology-chameleon-200p-001,medium,Seismology-200p,ECDS,1,w_55_25_20_00,100.08733333333332,24.174162858742,13.8498476746194,0.3143117266993177,35.25532490496801
seismology/chameleon-cloud,seismology/chameleon-cloud,seismology-chameleon-200p-001,medium,Seismology-200p,ECDS,1,w_70_20_10_00,100.08733333333332,24.174162858742,13.8498476746194,0.3143117266993177,35.25532490496801
seismology/chameleon-cloud,seismology/chameleon-cloud,seismology-chameleon-200p-001,medium,Seismology-200p,ECDS,2,w_25_25_20_30,100.1104,17.68387305070993,11.221912212803687,0.6284862668142076,47.59951374897438
seismology/chameleon-cloud,seismology/chameleon-cloud,seismology-chameleon-200p-001,medium,Seismology-200p,ECDS,2,w_35_25_20_20,100.1104,18.38533095880609,11.392096679524837,0.582043508390078,43.98862400243596
seismology/chameleon-cloud,seismology/chameleon-cloud,seismology-chameleon-200p-001,medium,Seismology-200p,ECDS,2,w_40_30_20_10,100.1104,19.903273150020016,11.938872980254402,0.4992223094973847,39.74472810488791
seismology/chameleon-cloud,seismology/chameleon-cloud,seismology-chameleon-200p-001,medium,Seismology-200p,ECDS,2,w_50_30_20_00,100.04246153846154,24.07390627321313,13.798097780077732,0.3165267156658874,35.22289286942317
seismology/chameleon-cloud,seismology/chameleon-cloud,seismology-chameleon-200p-001,medium,Seismology-200p,ECDS,2,w_50_30_20_20,100.1104,18.40507350099359,11.401510467806084,0.5815076515895242,43.97947434618596
seismology/chameleon-cloud,seismology/chameleon-cloud,seismology-chameleon-200p-001,medium,Seismology-200p,ECDS,2,w_50_30_20_30,100.1104,17.784125508709934,11.26263736580368,0.6248984228798098,47.41149222897439
seismology/chameleon-cloud,seismology/chameleon-cloud,seismology-chameleon-200p-001,medium,Seismology-200p,ECDS,2,w_55_25_20_00,100.04246153846154,24.07390627321313,13.798097780077732,0.3165267156658874,35.22289286942317
seismology/chameleon-cloud,seismology/chameleon-cloud,seismology-chameleon-200p-001,medium,Seismology-200p,ECDS,2,w_70_20_10_00,100.04246153846154,24.07390627321313,13.798097780077732,0.3165267156658874,35.22289286942317
seismology/chameleon-cloud,seismology/chameleon-cloud,seismology-chameleon-200p-001,medium,Seismology-200p,ECDS,3,w_25_25_20_30,100.29475,17.285496828636223,11.13935357408414,0.6538199730738325,49.932103195320586
seismology/chameleon-cloud,seismology/chameleon-cloud,seismology-chameleon-200p-001,medium,Seismology-200p,ECDS,3,w_35_25_20_20,100.17706666666668,18.328659729412657,11.386280973657453,0.5875548373774799,44.439022179022494
seismology/chameleon-cloud,seismology/chameleon-cloud,seismology-chameleon-200p-001,medium,Seismology-200p,ECDS,3,w_40_30_20_10,100.1354,20.153005733727564,12.05100675839423,0.4896691310619061,39.490077830609046
seismology/chameleon-cloud,seismology/chameleon-cloud,seismology-chameleon-200p-001,medium,Seismology-200p,ECDS,3,w_50_30_20_00,100.09825,24.53777298184855,14.032740056551702,0.3044271514364494,35.27707131254816
seismology/chameleon-cloud,seismology/chameleon-cloud,seismology-chameleon-200p-001,medium,Seismology-200p,ECDS,3,w_50_30_20_20,100.17706666666668,18.34761779972516,11.395320704126204,0.5870465832206779,44.4302360852725
seismology/chameleon-cloud,seismology/chameleon-cloud,seismology-chameleon-200p-001,medium,Seismology-200p,ECDS,3,w_50_30_20_30,100.29475,17.431648566636216,11.198724207084137,0.6489659450269716,49.65799847532059
seismology/chameleon-cloud,seismology/chameleon-cloud,seismology-chameleon-200p-001,medium,Seismology-200p,ECDS,3,w_55_25_20_00,100.09825,24.53777298184855,14.032740056551702,0.3044271514364494,35.27707131254816
seismology/chameleon-cloud,seismology/chameleon-cloud,seismology-chameleon-200p-001,medium,Seismology-200p,ECDS,3,w_70_20_10_00,100.09825,24.54128085534855,14.034700338801702,0.3044090877938397,35.28119822254816
seismology/chameleon-cloud,seismology/chameleon-cloud,seismology-chameleon-200p-001,medium,Seismology-200p,ECDS,4,w_25_25_20_30,100.2604,16.939479440300488,10.926439610865785,0.6552391379932322,49.13399781431095
seismology/chameleon-cloud,seismology/chameleon-cloud,seismology-chameleon-200p-001,medium,Seismology-200p,ECDS,4,w_35_25_20_20,100.17706666666668,18.08138694670914,11.208026008430693,0.5828654197249407,43.346650701522506
seismology/chameleon-cloud,seismology/chameleon-cloud,seismology-chameleon-200p-001,medium,Seismology-200p,ECDS,4,w_40_30_20_10,100.17706666666668,19.7914492296298,11.8259557865024,0.4873295613517819,38.604623433750085
seismology/chameleon-cloud,seismology/chameleon-cloud,seismology-chameleon-200p-001,medium,Seismology-200p,ECDS,4,w_50_30_20_00,100.129,24.18623309256249,13.810818262539277,0.2959710972038886,34.35403432516033
seismology/chameleon-cloud,seismology/chameleon-cloud,seismology-chameleon-200p-001,medium,Seismology-200p,ECDS,4,w_50_30_20_20,100.17706666666668,18.09263104358414,11.21338750374319,0.5825558358404302,43.3414396390225
seismology/chameleon-cloud,seismology/chameleon-cloud,seismology-chameleon-200p-001,medium,Seismology-200p,ECDS,4,w_50_30_20_30,100.2604,17.147946476300483,11.011124336865784,0.6481968950276005,48.74302197431095
seismology/chameleon-cloud,seismology/chameleon-cloud,seismology-chameleon-200p-001,medium,Seismology-200p,ECDS,4,w_55_25_20_00,100.129,24.18623309256249,13.810818262539277,0.2959710972038886,34.35403432516033
seismology/chameleon-cloud,seismology/chameleon-cloud,seismology-chameleon-200p-001,medium,Seismology-200p,ECDS,4,w_70_20_10_00,100.129,24.18623309256249,13.810818262539277,0.2959710972038886,34.35403432516033
seismology/chameleon-cloud,seismology/chameleon-cloud,seismology-chameleon-200p-001,medium,Seismology-200p,ECDS,5,w_25_25_20_30,101.08325,17.554841177720363,11.250672419830538,0.6451060713289174,49.46503661940707
seismology/chameleon-cloud,seismology/chameleon-cloud,seismology-chameleon-200p-001,medium,Seismology-200p,ECDS,5,w_35_25_20_20,100.16665384615384,17.978662388446324,11.343031828775242,0.6180766975094155,47.07401269104172
seismology/chameleon-cloud,seismology/chameleon-cloud,seismology-chameleon-200p-001,medium,Seismology-200p,ECDS,5,w_40_30_20_10,100.2708125,19.857983467592955,12.012655641375003,0.5234840082566288,41.673278151570585
seismology/chameleon-cloud,seismology/chameleon-cloud,seismology-chameleon-200p-001,medium,Seismology-200p,ECDS,5,w_50_30_20_00,100.36108333333334,24.019499106859765,13.874737217626215,0.3560413409701928,37.29975328392637
seismology/chameleon-cloud,seismology/chameleon-cloud,seismology-chameleon-200p-001,medium,Seismology-200p,ECDS,5,w_50_30_20_20,100.16665384615384,17.995136297821325,11.350887042837742,0.6176647299212376,47.06637787854172
seismology/chameleon-cloud,seismology/chameleon-cloud,seismology-chameleon-200p-001,medium,Seismology-200p,ECDS,5,w_50_30_20_30,101.08325,17.579172479720363,11.260556426830531,0.6442860263467183,49.41940373940707
seismology/chameleon-cloud,seismology/chameleon-cloud,seismology-chameleon-200p-001,medium,Seismology-200p,ECDS,5,w_55_25_20_00,100.36108333333334,24.019499106859765,13.874737217626215,0.3560413409701928,37.29975328392637
seismology/chameleon-cloud,seismology/chameleon-cloud,seismology-chameleon-200p-001,medium,Seismology-200p,ECDS,5,w_70_20_10_00,100.36108333333334,24.019499106859765,13.874737217626215,0.3560413409701928,37.29975328392637
seismology/chameleon-cloud,seismology/chameleon-cloud,seismology-chameleon-200p-001,medium,Seismology-200p,GREENHEFT,1,w_25_25_20_30,100.08092307692309,23.3016414630601,13.307236898514828,0.296624787674078,33.12832333969565
seismology/chameleon-cloud,seismology/chameleon-cloud,seismology-chameleon-200p-001,medium,Seismology-200p,GREENHEFT,1,w_35_25_20_20,100.08092307692309,23.40328204846074,13.355662923298482,0.292534093362174,33.08043798136232
seismology/chameleon-cloud,seismology/chameleon-cloud,seismology-chameleon-200p-001,medium,Seismology-200p,GREENHEFT,1,w_40_30_20_10,100.08092307692309,23.438063441764424,13.3640085149976,0.2875868059169588,32.89953588230782
seismology/chameleon-cloud,seismology/chameleon-cloud,seismology-chameleon-200p-001,medium,Seismology-200p,GREENHEFT,1,w_50_30_20_00,100.08092307692309,24.114238436764435,13.688725983955948,0.2610278730891016,32.63213531147448
seismology/chameleon-cloud,seismology/chameleon-cloud,seismology-chameleon-200p-001,medium,Seismology-200p,GREENHEFT,1,w_50_30_20_20,100.08092307692309,24.114238436764435,13.688725983955948,0.2610278730891016,32.63213531147448
seismology/chameleon-cloud,seismology/chameleon-cloud,seismology-chameleon-200p-001,medium,Seismology-200p,GREENHEFT,1,w_50_30_20_30,100.08092307692309,24.114238436764435,13.688725983955948,0.2610278730891016,32.63213531147448
seismology/chameleon-cloud,seismology/chameleon-cloud,seismology-chameleon-200p-001,medium,Seismology-200p,GREENHEFT,1,w_55_25_20_00,100.08092307692309,24.118815181660267,13.69463819963303,0.2625255712612574,32.704612176057815
seismology/chameleon-cloud,seismology/chameleon-cloud,seismology-chameleon-200p-001,medium,Seismology-200p,GREENHEFT,1,w_70_20_10_00,100.08092307692309,24.33278021289824,13.788984016538077,0.250188846956647,32.45187820177897
seismology/chameleon-cloud,seismology/chameleon-cloud,seismology-chameleon-200p-001,medium,Seismology-200p,GREENHEFT,2,w_25_25_20_30,100.04246153846154,23.346665280685105,13.331117065808106,0.2958473694754115,33.15568850931101
seismology/chameleon-cloud,seismology/chameleon-cloud,seismology-chameleon-200p-001,medium,Seismology-200p,GREENHEFT,2,w_35_25_20_20,100.04246153846154,23.50210759441507,13.40556989847838,0.289758873414313,33.09032202541678
seismology/chameleon-cloud,seismology/chameleon-cloud,seismology-chameleon-200p-001,medium,Seismology-200p,GREENHEFT,2,w_40_30_20_10,100.04246153846154,23.568189218910263,13.43120697031732,0.2845603682260771,32.942247217243704
seismology/chameleon-cloud,seismology/chameleon-cloud,seismology-chameleon-200p-001,medium,Seismology-200p,GREENHEFT,2,w_50_30_20_00,100.04246153846154,24.179267198514435,13.72684714809858,0.2615725903433281,32.74427097682703
seismology/chameleon-cloud,seismology/chameleon-cloud,seismology-chameleon-200p-001,medium,Seismology-200p,GREENHEFT,2,w_50_30_20_20,100.04246153846154,24.179267198514435,13.72684714809858,0.2615725903433281,32.74427097682703
seismology/chameleon-cloud,seismology/chameleon-cloud,seismology-chameleon-200p-001,medium,Seismology-200p,GREENHEFT,2,w_50_30_20_30,100.04246153846154,24.179267198514435,13.72684714809858,0.2615725903433281,32.74427097682703
seismology/chameleon-cloud,seismology/chameleon-cloud,seismology-chameleon-200p-001,medium,Seismology-200p,GREENHEFT,2,w_55_25_20_00,100.04246153846154,24.15824565058174,13.720574042353388,0.2641192927495358,32.82902434125011
seismology/chameleon-cloud,seismology/chameleon-cloud,seismology-chameleon-200p-001,medium,Seismology-200p,GREENHEFT,2,w_70_20_10_00,100.04246153846154,24.39391754183174,13.827749837645054,0.2520832975018081,32.61582133458345
seismology/chameleon-cloud,seismology/chameleon-cloud,seismology-chameleon-200p-001,medium,Seismology-200p,GREENHEFT,3,w_25_25_20_30,100.08780769230768,23.30933291681732,13.311131912277247,0.2964135514453504,33.12930907737193
seismology/chameleon-cloud,seismology/chameleon-cloud,seismology-chameleon-200p-001,medium,Seismology-200p,GREENHEFT,3,w_35_25_20_20,100.08780769230768,23.39632419171716,13.349927277776048,0.2917781399000879,33.03530363834949
seismology/chameleon-cloud,seismology/chameleon-cloud,seismology-chameleon-200p-001,medium,Seismology-200p,GREENHEFT,3,w_40_30_20_10,100.08780769230768,23.49770706329568,13.390664022531656,0.2843964880914333,32.83620981767642
seismology/chameleon-cloud,seismology/chameleon-cloud,seismology-chameleon-200p-001,medium,Seismology-200p,GREENHEFT,3,w_50_30_20_00,100.08780769230768,24.266083195483187,13.761422103937914,0.2549013236419287,32.56761012392641
seismology/chameleon-cloud,seismology/chameleon-cloud,seismology-chameleon-200p-001,medium,Seismology-200p,GREENHEFT,3,w_50_30_20_20,100.08780769230768,24.266083195483187,13.761422103937914,0.2549013236419287,32.56761012392641
seismology/chameleon-cloud,seismology/chameleon-cloud,seismology-chameleon-200p-001,medium,Seismology-200p,GREENHEFT,3,w_50_30_20_30,100.08780769230768,24.266083195483187,13.761422103937914,0.2549013236419287,32.56761012392641
seismology/chameleon-cloud,seismology/chameleon-cloud,seismology-chameleon-200p-001,medium,Seismology-200p,GREENHEFT,3,w_55_25_20_00,100.08780769230768,24.233699392658668,13.748393493170688,0.2573383736441861,32.630875936827046
seismology/chameleon-cloud,seismology/chameleon-cloud,seismology-chameleon-200p-001,medium,Seismology-200p,GREENHEFT,3,w_70_20_10_00,100.08780769230768,24.446438092458347,13.850015680209948,0.2486326323211664,32.53593267961551
seismology/chameleon-cloud,seismology/chameleon-cloud,seismology-chameleon-200p-001,medium,Seismology-200p,GREENHEFT,4,w_25_25_20_30,100.104,23.30925786737982,13.302800261608184,0.2928751558607469,32.96342655836552
seismology/chameleon-cloud,seismology/chameleon-cloud,seismology-chameleon-200p-001,medium,Seismology-200p,GREENHEFT,4,w_35_25_20_20,100.104,23.349259778125013,13.320717502613794,0.2907649755121128,32.92175227102577
seismology/chameleon-cloud,seismology/chameleon-cloud,seismology-chameleon-200p-001,medium,Seismology-200p,GREENHEFT,4,w_40_30_20_10,100.104,23.437366644555304,13.350520684121406,0.2818718582936985,32.63674723687514
seismology/chameleon-cloud,seismology/chameleon-cloud,seismology-chameleon-200p-001,medium,Seismology-200p,GREENHEFT,4,w_50_30_20_00,100.104,24.1665834779928,13.702356524069325,0.2536869524679203,32.38129570145846
seismology/chameleon-cloud,seismology/chameleon-cloud,seismology-chameleon-200p-001,medium,Seismology-200p,GREENHEFT,4,w_50_30_20_20,100.104,24.1665834779928,13.702356524069325,0.2536869524679203,32.38129570145846
seismology/chameleon-cloud,seismology/chameleon-cloud,seismology-chameleon-200p-001,medium,Seismology-200p,GREENHEFT,4,w_50_30_20_30,100.104,24.1665834779928,13.702356524069325,0.2536869524679203,32.38129570145846
seismology/chameleon-cloud,seismology/chameleon-cloud,seismology-chameleon-200p-001,medium,Seismology-200p,GREENHEFT,4,w_55_25_20_00,100.104,24.09206452300081,13.674970994430703,0.2604981379606051,32.578774658605894
seismology/chameleon-cloud,seismology/chameleon-cloud,seismology-chameleon-200p-001,medium,Seismology-200p,GREENHEFT,4,w_70_20_10_00,100.104,24.51129771156252,13.872847889436713,0.2421681808652147,32.3439806731091
seismology/chameleon-cloud,seismology/chameleon-cloud,seismology-chameleon-200p-001,medium,Seismology-200p,GREENHEFT,5,w_25_25_20_30,100.16665384615384,23.41535503800242,13.370818515077335,0.2960502118206847,33.26281992152254
seismology/chameleon-cloud,seismology/chameleon-cloud,seismology-chameleon-200p-001,medium,Seismology-200p,GREENHEFT,5,w_35_25_20_20,100.16665384615384,23.49008190818992,13.401651088233589,0.2910196121550371,33.13220268277254
seismology/chameleon-cloud,seismology/chameleon-cloud,seismology-chameleon-200p-001,medium,Seismology-200p,GREENHEFT,5,w_40_30_20_10,100.16665384615384,23.508517124303705,13.402407054657465,0.2868204160243862,32.96296985011229
seismology/chameleon-cloud,seismology/chameleon-cloud,seismology-chameleon-200p-001,medium,Seismology-200p,GREENHEFT,5,w_50_30_20_00,100.16665384615384,23.986426965449528,13.63240924866788,0.2683477024585596,32.78391531886229
seismology/chameleon-cloud,seismology/chameleon-cloud,seismology-chameleon-200p-001,medium,Seismology-200p,GREENHEFT,5,w_50_30_20_20,100.16665384615384,23.986426965449528,13.63240924866788,0.2683477024585596,32.78391531886229
seismology/chameleon-cloud,seismology/chameleon-cloud,seismology-chameleon-200p-001,medium,Seismology-200p,GREENHEFT,5,w_50_30_20_30,100.16665384615384,23.986426965449528,13.63240924866788,0.2683477024585596,32.78391531886229
seismology/chameleon-cloud,seismology/chameleon-cloud,seismology-chameleon-200p-001,medium,Seismology-200p,GREENHEFT,5,w_55_25_20_00,100.16665384615384,23.971598184512025,13.630636040136627,0.2713077665418534,32.896738957612286
seismology/chameleon-cloud,seismology/chameleon-cloud,seismology-chameleon-200p-001,medium,Seismology-200p,GREENHEFT,5,w_70_20_10_00,100.16665384615384,24.19400811210658,13.728963084400249,0.2587433969891635,32.639180566939224
seismology/chameleon-cloud,seismology/chameleon-cloud,seismology-chameleon-200p-001,medium,Seismology-200p,HEFT,1,anchor,100.08092307692309,24.340471239340552,13.79761163152205,0.2521558919980651,32.54752023703537
seismology/chameleon-cloud,seismology/chameleon-cloud,seismology-chameleon-200p-001,medium,Seismology-200p,HEFT,2,anchor,100.04246153846154,24.38120234556972,13.82972151976324,0.2562717438498268,32.78240693956742
seismology/chameleon-cloud,seismology/chameleon-cloud,seismology-chameleon-200p-001,medium,Seismology-200p,HEFT,3,anchor,100.08733333333332,24.418738660967964,13.845611769032065,0.2538166079277352,32.724848770961664
seismology/chameleon-cloud,seismology/chameleon-cloud,seismology-chameleon-200p-001,medium,Seismology-200p,HEFT,4,anchor,100.104,24.37958060851764,13.8176239729303,0.2511648739758966,32.55667337342962
seismology/chameleon-cloud,seismology/chameleon-cloud,seismology-chameleon-200p-001,medium,Seismology-200p,HEFT,5,anchor,100.16665384615384,24.18036745009536,13.731968426303292,0.2635950550762643,32.83569402511229
seismology/chameleon-cloud,seismology/chameleon-cloud,seismology-chameleon-200p-001,medium,Seismology-200p,MOHEFT,1,w_25_25_20_30,100.1145,21.595946614673085,12.416680236278845,0.3329259846690007,32.37413857884625
seismology/chameleon-cloud,seismology/chameleon-cloud,seismology-chameleon-200p-001,medium,Seismology-200p,MOHEFT,1,w_35_25_20_20,100.09265384615384,23.62794229052404,13.350169020300482,0.2309603250189211,30.723957500769338
seismology/chameleon-cloud,seismology/chameleon-cloud,seismology-chameleon-200p-001,medium,Seismology-200p,MOHEFT,1,w_40_30_20_10,100.0966923076923,24.21237062315305,13.628781875612583,0.2048986844232866,30.451931280721254
seismology/chameleon-cloud,seismology/chameleon-cloud,seismology-chameleon-200p-001,medium,Seismology-200p,MOHEFT,1,w_50_30_20_00,100.0966923076923,24.419181007842948,13.73367757029969,0.1988915349215589,30.481741327564205
seismology/chameleon-cloud,seismology/chameleon-cloud,seismology-chameleon-200p-001,medium,Seismology-200p,MOHEFT,1,w_50_30_20_20,100.09265384615384,23.649339534366995,13.366333911979968,0.2329931388042656,30.8332828959296
seismology/chameleon-cloud,seismology/chameleon-cloud,seismology-chameleon-200p-001,medium,Seismology-200p,MOHEFT,1,w_50_30_20_30,100.09265384615384,23.305527272358177,13.20477139176803,0.2491813527209338,31.040155111778954
seismology/chameleon-cloud,seismology/chameleon-cloud,seismology-chameleon-200p-001,medium,Seismology-200p,MOHEFT,1,w_55_25_20_00,100.0966923076923,24.446138992253207,13.748741792474371,0.1988404374001607,30.513445926955235
seismology/chameleon-cloud,seismology/chameleon-cloud,seismology-chameleon-200p-001,medium,Seismology-200p,MOHEFT,1,w_70_20_10_00,100.08733333333332,24.671753644952737,13.875361664225576,0.1987009882825441,30.78969683498408
seismology/chameleon-cloud,seismology/chameleon-cloud,seismology-chameleon-200p-001,medium,Seismology-200p,MOHEFT,2,w_25_25_20_30,100.104,21.820364215187507,12.525880943670677,0.3247391243974171,32.31397672153858
seismology/chameleon-cloud,seismology/chameleon-cloud,seismology-chameleon-200p-001,medium,Seismology-200p,MOHEFT,2,w_35_25_20_20,100.0613846153846,23.68796642190864,13.381544069553692,0.2296901195999741,30.751217171987285
seismology/chameleon-cloud,seismology/chameleon-cloud,seismology-chameleon-200p-001,medium,Seismology-200p,MOHEFT,2,w_40_30_20_10,100.0613846153846,24.302723379899028,13.669526588290877,0.1996019863701659,30.36329796682702
seismology/chameleon-cloud,seismology/chameleon-cloud,seismology-chameleon-200p-001,medium,Seismology-200p,MOHEFT,2,w_50_30_20_00,100.054,24.56362170622676,13.810762212229577,0.196716705218607,30.579027182323816
seismology/chameleon-cloud,seismology/chameleon-cloud,seismology-chameleon-200p-001,medium,Seismology-200p,MOHEFT,2,w_50_30_20_20,100.0613846153846,23.861508533158645,13.470838441149848,0.2253180401709866,30.801683491410365
seismology/chameleon-cloud,seismology/chameleon-cloud,seismology-chameleon-200p-001,medium,Seismology-200p,MOHEFT,2,w_50_30_20_30,100.0613846153846,23.58203159923556,13.340410143635422,0.2389919425519962,30.987886880352665
seismology/chameleon-cloud,seismology/chameleon-cloud,seismology-chameleon-200p-001,medium,Seismology-200p,MOHEFT,2,w_55_25_20_00,100.054,24.59114219641426,13.826256082139032,0.1967275287026506,30.61369967863792
seismology/chameleon-cloud,seismology/chameleon-cloud,seismology-chameleon-200p-001,medium,Seismology-200p,MOHEFT,2,w_70_20_10_00,100.054,24.64260502303686,13.855378017545682,0.196825549778407,30.681510120544974
seismology/chameleon-cloud,seismology/chameleon-cloud,seismology-chameleon-200p-001,medium,Seismology-200p,MOHEFT,3,w_25_25_20_30,100.1179,21.969956143521653,12.589786763498802,0.3154961006682802,32.096173834759725
seismology/chameleon-cloud,seismology/chameleon-cloud,seismology-chameleon-200p-001,medium,Seismology-200p,MOHEFT,3,w_35_25_20_20,100.10465384615384,23.66719213565305,13.369424951211943,0.2294977522663972,30.716577667708435
seismology/chameleon-cloud,seismology/chameleon-cloud,seismology-chameleon-200p-001,medium,Seismology-200p,MOHEFT,3,w_40_30_20_10,100.10465384615384,24.212482347751607,13.6297086467444,0.2053495470382084,30.4693494573719
seismology/chameleon-cloud,seismology/chameleon-cloud,seismology-chameleon-200p-001,medium,Seismology-200p,MOHEFT,3,w_50_30_20_00,100.10465384615384,24.498835377981568,13.77442429691147,0.1967629762802987,30.50013215841356
seismology/chameleon-cloud,seismology/chameleon-cloud,seismology-chameleon-200p-001,medium,Seismology-200p,MOHEFT,3,w_50_30_20_20,100.10465384615384,23.70011810227565,13.39240396427084,0.2316855360798358,30.84689826266037
seismology/chameleon-cloud,seismology/chameleon-cloud,seismology-chameleon-200p-001,medium,Seismology-200p,MOHEFT,3,w_50_30_20_30,100.1179,23.313189974723564,13.21311039890746,0.251109568148356,31.130308230913567
seismology/chameleon-cloud,seismology/chameleon-cloud,seismology-chameleon-200p-001,medium,Seismology-200p,MOHEFT,3,w_55_25_20_00,100.10465384615384,24.50218175177003,13.776325133022048,0.1967731632987807,30.50468514274048
seismology/chameleon-cloud,seismology/chameleon-cloud,seismology-chameleon-200p-001,medium,Seismology-200p,MOHEFT,3,w_70_20_10_00,100.10465384615384,24.510385486577725,13.78097391607974,0.1967922424372022,30.515623455817405
seismology/chameleon-cloud,seismology/chameleon-cloud,seismology-chameleon-200p-001,medium,Seismology-200p,MOHEFT,4,w_25_25_20_30,100.1063846153846,21.99272315421397,12.597246254455538,0.313107200493695,32.01769354697126
seismology/chameleon-cloud,seismology/chameleon-cloud,seismology-chameleon-200p-001,medium,Seismology-200p,MOHEFT,4,w_35_25_20_20,100.1063846153846,23.42412376596877,13.25520131376082,0.2410237435841187,30.862788615528935
seismology/chameleon-cloud,seismology/chameleon-cloud,seismology-chameleon-200p-001,medium,Seismology-200p,MOHEFT,4,w_40_30_20_10,100.1063846153846,24.149106171790887,13.593833056606176,0.2052450293116929,30.385599414214838
seismology/chameleon-cloud,seismology/chameleon-cloud,seismology-chameleon-200p-001,medium,Seismology-200p,MOHEFT,4,w_50_30_20_00,100.1063846153846,24.36803222176043,13.705654177701527,0.1992829059322566,30.432761336426367
seismology/chameleon-cloud,seismology/chameleon-cloud,seismology-chameleon-200p-001,medium,Seismology-200p,MOHEFT,4,w_50_30_20_20,100.1063846153846,23.53775176785338,13.31210657252364,0.2373871274795287,30.864613771939197
seismology/chameleon-cloud,seismology/chameleon-cloud,seismology-chameleon-200p-001,medium,Seismology-200p,MOHEFT,4,w_50_30_20_30,100.1063846153846,23.226720768997616,13.165628115477164,0.2518455320088938,31.045354619567405
seismology/chameleon-cloud,seismology/chameleon-cloud,seismology-chameleon-200p-001,medium,Seismology-200p,MOHEFT,4,w_55_25_20_00,100.1063846153846,24.36245695397197,13.702476414725568,0.1992608058955843,30.42495875479176
seismology/chameleon-cloud,seismology/chameleon-cloud,seismology-chameleon-200p-001,medium,Seismology-200p,MOHEFT,4,w_70_20_10_00,100.1063846153846,24.486182491980777,13.771567025716353,0.1989999836186192,30.569515594519316
seismology/chameleon-cloud,seismology/chameleon-cloud,seismology-chameleon-200p-001,medium,Seismology-200p,MOHEFT,5,w_25_25_20_30,100.20511538461538,21.612358663552897,12.42501307564183,0.3324713317394831,32.37667487730781
seismology/chameleon-cloud,seismology/chameleon-cloud,seismology-chameleon-200p-001,medium,Seismology-200p,MOHEFT,5,w_35_25_20_20,100.20511538461538,23.64320583251041,13.36342909178646,0.2332726539564699,30.83652351062509
seismology/chameleon-cloud,seismology/chameleon-cloud,seismology-chameleon-200p-001,medium,Seismology-200p,MOHEFT,5,w_40_30_20_10,100.21011538461538,24.162528675040857,13.61321568354688,0.2113806767521253,30.63902692052893
seismology/chameleon-cloud,seismology/chameleon-cloud,seismology-chameleon-200p-001,medium,Seismology-200p,MOHEFT,5,w_50_30_20_00,100.21011538461538,24.500514816308502,13.78088136429448,0.1996559730421484,30.612479122804576
seismology/chameleon-cloud,seismology/chameleon-cloud,seismology-chameleon-200p-001,medium,Seismology-200p,MOHEFT,5,w_50_30_20_20,100.20511538461538,23.94135160724038,13.512299911793272,0.2235022960424372,30.832482163461624
seismology/chameleon-cloud,seismology/chameleon-cloud,seismology-chameleon-200p-001,medium,Seismology-200p,MOHEFT,5,w_50_30_20_30,100.20511538461538,23.531536631260416,13.31568194441146,0.2408758722328264,30.998272575625094
seismology/chameleon-cloud,seismology/chameleon-cloud,seismology-chameleon-200p-001,medium,Seismology-200p,MOHEFT,5,w_55_25_20_00,100.21011538461538,24.521010707318123,13.79249570253326,0.1997008752262156,30.639806977484064
seismology/chameleon-cloud,seismology/chameleon-cloud,seismology-chameleon-200p-001,medium,Seismology-200p,MOHEFT,5,w_70_20_10_00,100.21011538461538,24.510517126329333,13.790243030344955,0.2016037409370572,30.699689343605858
montage/chameleon-cloud,montage/chameleon-cloud,montage-chameleon-2mass-05d-001,medium,Montage-05d,ECDS,1,w_25_25_20_30,155.87199999999683,643.9245606317013,384.9128849630011,0.4885477556242867,1259.0120929427442
montage/chameleon-cloud,montage/chameleon-cloud,montage-chameleon-2mass-05d-001,medium,Montage-05d,ECDS,1,w_35_25_20_20,135.2978999999977,651.7879361697497,388.3784140119329,0.4784398529110009,1249.6889185410882
montage/chameleon-cloud,montage/chameleon-cloud,montage-chameleon-2mass-05d-001,medium,Montage-05d,ECDS,1,w_40_30_20_10,120.0947307692284,665.4032140487916,393.8132835631924,0.4555842256869328,1222.2335307760409
montage/chameleon-cloud,montage/chameleon-cloud,montage-chameleon-2mass-05d-001,medium,Montage-05d,ECDS,1,w_50_30_20_00,113.694089743587,672.9685327235212,397.5156441767717,0.4486700474278833,1220.6275563008624
montage/chameleon-cloud,montage/chameleon-cloud,montage-chameleon-2mass-05d-001,medium,Montage-05d,ECDS,1,w_50_30_20_20,124.09389999999772,654.2091795366731,389.29650737334,0.4740400322660957,1243.838352099977
montage/chameleon-cloud,montage/chameleon-cloud,montage-chameleon-2mass-05d-001,medium,Montage-05d,ECDS,1,w_50_30_20_30,132.28289999999734,650.0761149601994,387.6320224597964,0.4807198144652114,1251.8792995938131
montage/chameleon-cloud,montage/chameleon-cloud,montage-chameleon-2mass-05d-001,medium,Montage-05d,ECDS,1,w_55_25_20_00,113.12089743589472,672.4812295345051,397.4412737363884,0.4505931464942631,1224.0131793833434
montage/chameleon-cloud,montage/chameleon-cloud,montage-chameleon-2mass-05d-001,medium,Montage-05d,ECDS,1,w_70_20_10_00,112.05620769230566,673.6372168365823,397.7886331479908,0.447566882396089,1219.4004945945433
montage/chameleon-cloud,montage/chameleon-cloud,montage-chameleon-2mass-05d-001,medium,Montage-05d,ECDS,2,w_25_25_20_30,155.39559999999764,642.0437059841106,383.7366449830681,0.4881241844218675,1254.2958398200635
montage/chameleon-cloud,montage/chameleon-cloud,montage-chameleon-2mass-05d-001,medium,Montage-05d,ECDS,2,w_35_25_20_20,136.8466769230752,650.3311792928437,387.3082361649069,0.4767432546508509,1242.8529303696444
montage/chameleon-cloud,montage/chameleon-cloud,montage-chameleon-2mass-05d-001,medium,Montage-05d,ECDS,2,w_40_30_20_10,119.99909999999758,660.4101493089502,391.3478413830268,0.4599441727581445,1222.8553345712553
montage/chameleon-cloud,montage/chameleon-cloud,montage-chameleon-2mass-05d-001,medium,Montage-05d,ECDS,2,w_50_30_20_00,115.85881570512564,669.9980256600629,395.8781197661946,0.4497307373757354,1217.5821387239462
montage/chameleon-cloud,montage/chameleon-cloud,montage-chameleon-2mass-05d-001,medium,Montage-05d,ECDS,2,w_50_30_20_20,130.50919230769043,656.335574805326,389.5024166764438,0.4649551300981785,1226.69258547566
montage/chameleon-cloud,montage/chameleon-cloud,montage-chameleon-2mass-05d-001,medium,Montage-05d,ECDS,2,w_50_30_20_30,132.36426153845986,647.0688574977163,385.6665563559733,0.479279977671558,1242.6425521421995
montage/chameleon-cloud,montage/chameleon-cloud,montage-chameleon-2mass-05d-001,medium,Montage-05d,ECDS,2,w_55_25_20_00,115.23060256410012,668.6879899654751,395.2833737761347,0.4513498470076319,1218.7875758686075
montage/chameleon-cloud,montage/chameleon-cloud,montage-chameleon-2mass-05d-001,medium,Montage-05d,ECDS,2,w_70_20_10_00,116.8447307692288,668.5008849614958,395.18632382862114,0.451471883089025,1218.7176269580652
montage/chameleon-cloud,montage/chameleon-cloud,montage-chameleon-2mass-05d-001,medium,Montage-05d,ECDS,3,w_25_25_20_30,160.0065999999978,641.976839505243,383.9799994132303,0.4904264641684431,1259.83159321188
montage/chameleon-cloud,montage/chameleon-cloud,montage-chameleon-2mass-05d-001,medium,Montage-05d,ECDS,3,w_35_25_20_20,141.04839999999822,646.1307954807644,385.1026520047939,0.4792396898104452,1240.7450852881077
montage/chameleon-cloud,montage/chameleon-cloud,montage-chameleon-2mass-05d-001,medium,Montage-05d,ECDS,3,w_40_30_20_10,120.0856307692284,658.0089762806597,389.82797907141,0.4590831879197051,1216.469818621611
montage/chameleon-cloud,montage/chameleon-cloud,montage-chameleon-2mass-05d-001,medium,Montage-05d,ECDS,3,w_50_30_20_00,115.50203846153576,668.738732988266,394.6756270879027,0.445547836656063,1206.1252118760033
montage/chameleon-cloud,montage/chameleon-cloud,montage-chameleon-2mass-05d-001,medium,Montage-05d,ECDS,3,w_50_30_20_20,130.58829999999813,649.6961981315025,386.50070424301725,0.4730991526930906,1233.052103545206
montage/chameleon-cloud,montage/chameleon-cloud,montage-chameleon-2mass-05d-001,medium,Montage-05d,ECDS,3,w_50_30_20_30,136.13849999999803,648.5077163795655,386.7361559514382,0.4810468407759505,1249.6459552327794
montage/chameleon-cloud,montage/chameleon-cloud,montage-chameleon-2mass-05d-001,medium,Montage-05d,ECDS,3,w_55_25_20_00,114.58842307692028,668.3335897787282,394.59987704839887,0.4470465795376298,1208.6616431813022
montage/chameleon-cloud,montage/chameleon-cloud,montage-chameleon-2mass-05d-001,medium,Montage-05d,ECDS,3,w_70_20_10_00,114.88449999999771,668.5372359939539,394.5027672425869,0.4450513169301514,1204.6829849127446
montage/chameleon-cloud,montage/chameleon-cloud,montage-chameleon-2mass-05d-001,medium,Montage-05d,ECDS,4,w_25_25_20_30,173.9775999999973,640.4196370528666,383.9485535001328,0.4976213151097882,1274.7746994736965
montage/chameleon-cloud,montage/chameleon-cloud,montage-chameleon-2mass-05d-001,medium,Montage-05d,ECDS,4,w_35_25_20_20,139.7084999999974,650.5506206960907,388.1500909512015,0.4826617171022457,1257.4956120629713
montage/chameleon-cloud,montage/chameleon-cloud,montage-chameleon-2mass-05d-001,medium,Montage-05d,ECDS,4,w_40_30_20_10,119.99959999999732,661.6771770903209,392.3497735087996,0.4621488941552091,1230.2236992728283
montage/chameleon-cloud,montage/chameleon-cloud,montage-chameleon-2mass-05d-001,medium,Montage-05d,ECDS,4,w_50_30_20_00,114.25062692307432,674.431311016666,398.02575052730106,0.4454610613534246,1216.201900380081
montage/chameleon-cloud,montage/chameleon-cloud,montage-chameleon-2mass-05d-001,medium,Montage-05d,ECDS,4,w_50_30_20_20,129.53029999999754,653.7539643565708,389.4294199326122,0.4774352624559098,1251.048755086417
montage/chameleon-cloud,montage/chameleon-cloud,montage-chameleon-2mass-05d-001,medium,Montage-05d,ECDS,4,w_50_30_20_30,144.40529999999762,647.8801943908804,386.8221717498213,0.4848450858354713,1257.641491087458
montage/chameleon-cloud,montage/chameleon-cloud,montage-chameleon-2mass-05d-001,medium,Montage-05d,ECDS,4,w_55_25_20_00,114.0589423076893,674.8270578393959,398.323484824192,0.4460453567745325,1218.1991180905695
montage/chameleon-cloud,montage/chameleon-cloud,montage-chameleon-2mass-05d-001,medium,Montage-05d,ECDS,4,w_70_20_10_00,114.45065384615174,674.6203999276843,398.27670721534406,0.4467286791218067,1219.3301450306717
montage/chameleon-cloud,montage/chameleon-cloud,montage-chameleon-2mass-05d-001,medium,Montage-05d,ECDS,5,w_25_25_20_30,148.54399999999703,650.5668042341052,388.55929913562073,0.4859284222842193,1265.51794037105
montage/chameleon-cloud,montage/chameleon-cloud,montage-chameleon-2mass-05d-001,medium,Montage-05d,ECDS,5,w_35_25_20_20,140.6805999999974,656.3193311934277,391.45026573188005,0.4815033118726328,1265.812002703194
montage/chameleon-cloud,montage/chameleon-cloud,montage-chameleon-2mass-05d-001,medium,Montage-05d,ECDS,5,w_40_30_20_10,120.03873076922808,665.0211883750735,394.3336203439464,0.4621573629438305,1236.4605231282032
montage/chameleon-cloud,montage/chameleon-cloud,montage-chameleon-2mass-05d-001,medium,Montage-05d,ECDS,5,w_50_30_20_00,111.18812820512603,678.7484028072137,400.6428145087834,0.4460879980735376,1225.3722621041463
montage/chameleon-cloud,montage/chameleon-cloud,montage-chameleon-2mass-05d-001,medium,Montage-05d,ECDS,5,w_50_30_20_20,128.4514999999975,662.4694093697511,393.8084836841841,0.4706493518817573,1251.4755799860925
montage/chameleon-cloud,montage/chameleon-cloud,montage-chameleon-2mass-05d-001,medium,Montage-05d,ECDS,5,w_50_30_20_30,129.7318999999974,655.5705937246191,390.8686391290974,0.4803932621766716,1261.6668453355808
montage/chameleon-cloud,montage/chameleon-cloud,montage-chameleon-2mass-05d-001,medium,Montage-05d,ECDS,5,w_55_25_20_00,110.02965384615176,679.2219451568525,400.8807597917198,0.4457121723043792,1225.3957442664332
montage/chameleon-cloud,montage/chameleon-cloud,montage-chameleon-2mass-05d-001,medium,Montage-05d,ECDS,5,w_70_20_10_00,112.2618461538442,679.529792190303,400.9358305534578,0.4445648098990734,1223.418689166714
montage/chameleon-cloud,montage/chameleon-cloud,montage-chameleon-2mass-05d-001,medium,Montage-05d,GREENHEFT,1,w_25_25_20_30,110.73046153846148,666.3266797391134,393.6243748970421,0.4489618979924217,1209.2207005495563
montage/chameleon-cloud,montage/chameleon-cloud,montage-chameleon-2mass-05d-001,medium,Montage-05d,GREENHEFT,1,w_35_25_20_20,110.70143749999995,667.1264533369134,394.0796210748087,0.4488051875187615,1210.3278881268657
montage/chameleon-cloud,montage/chameleon-cloud,montage-chameleon-2mass-05d-001,medium,Montage-05d,GREENHEFT,1,w_40_30_20_10,110.50489999999986,666.8647081925934,393.69985268229794,0.4467459876063468,1205.3499717198467
montage/chameleon-cloud,montage/chameleon-cloud,montage-chameleon-2mass-05d-001,medium,Montage-05d,GREENHEFT,1,w_50_30_20_00,110.53914999999994,667.6024052273299,394.15557353697307,0.4469311874066982,1207.0874184660183
montage/chameleon-cloud,montage/chameleon-cloud,montage-chameleon-2mass-05d-001,medium,Montage-05d,GREENHEFT,1,w_50_30_20_20,110.53914999999994,667.6024052273299,394.15557353697307,0.4469311874066982,1207.0874184660183
montage/chameleon-cloud,montage/chameleon-cloud,montage-chameleon-2mass-05d-001,medium,Montage-05d,GREENHEFT,1,w_50_30_20_30,110.53914999999994,667.6024052273299,394.15557353697307,0.4469311874066982,1207.0874184660183
montage/chameleon-cloud,montage/chameleon-cloud,montage-chameleon-2mass-05d-001,medium,Montage-05d,GREENHEFT,1,w_55_25_20_00,110.47089999999986,668.9732023505887,395.07001036156106,0.4478907581002216,1211.6681837251508
montage/chameleon-cloud,montage/chameleon-cloud,montage-chameleon-2mass-05d-001,medium,Montage-05d,GREENHEFT,1,w_70_20_10_00,110.39629999999993,668.773640722167,394.83666060202034,0.4468358906684667,1208.9968048185951
montage/chameleon-cloud,montage/chameleon-cloud,montage-chameleon-2mass-05d-001,medium,Montage-05d,GREENHEFT,2,w_25_25_20_30,112.69412499999996,660.8054413119639,390.72747360683314,0.4522932884197284,1206.4950590168403
montage/chameleon-cloud,montage/chameleon-cloud,montage-chameleon-2mass-05d-001,medium,Montage-05d,GREENHEFT,2,w_35_25_20_20,112.37226923076912,662.0856117741569,391.470464502385,0.4521667503376206,1208.5531723059587
montage/chameleon-cloud,montage/chameleon-cloud,montage-chameleon-2mass-05d-001,medium,Montage-05d,GREENHEFT,2,w_40_30_20_10,112.41534999999996,661.9535777042322,391.1758514921406,0.4501961088143115,1203.9812528002988
montage/chameleon-cloud,montage/chameleon-cloud,montage-chameleon-2mass-05d-001,medium,Montage-05d,GREENHEFT,2,w_50_30_20_00,112.39312499999998,663.551515180357,392.0251054513529,0.4493288817752625,1204.9869572232467
montage/chameleon-cloud,montage/chameleon-cloud,montage-chameleon-2mass-05d-001,medium,Montage-05d,GREENHEFT,2,w_50_30_20_20,112.39312499999998,663.551515180357,392.0251054513529,0.4493288817752625,1204.9869572232467
montage/chameleon-cloud,montage/chameleon-cloud,montage-chameleon-2mass-05d-001,medium,Montage-05d,GREENHEFT,2,w_50_30_20_30,112.39312499999998,663.551515180357,392.0251054513529,0.4493288817752625,1204.9869572232467
montage/chameleon-cloud,montage/chameleon-cloud,montage-chameleon-2mass-05d-001,medium,Montage-05d,GREENHEFT,2,w_55_25_20_00,112.386375,663.726117447916,392.2775594716542,0.4506897274382071,1208.2900149536958
montage/chameleon-cloud,montage/chameleon-cloud,montage-chameleon-2mass-05d-001,medium,Montage-05d,GREENHEFT,2,w_70_20_10_00,112.43354999999998,664.3446413615113,392.54358775420553,0.4497840830859525,1207.425341468772
montage/chameleon-cloud,montage/chameleon-cloud,montage-chameleon-2mass-05d-001,medium,Montage-05d,GREENHEFT,3,w_25_25_20_30,112.3316153846154,660.6212139922579,390.56519992737134,0.4518084167075835,1205.0918586246598
montage/chameleon-cloud,montage/chameleon-cloud,montage-chameleon-2mass-05d-001,medium,Montage-05d,GREENHEFT,3,w_35_25_20_20,112.38626923076916,661.5338636424655,390.9790087257688,0.450663473466133,1204.2415380905404
montage/chameleon-cloud,montage/chameleon-cloud,montage-chameleon-2mass-05d-001,medium,Montage-05d,GREENHEFT,3,w_40_30_20_10,112.5344615384615,661.0786113288135,390.3860918524138,0.4476908005952698,1196.93572375999
montage/chameleon-cloud,montage/chameleon-cloud,montage-chameleon-2mass-05d-001,medium,Montage-05d,GREENHEFT,3,w_50_30_20_00,112.39475,662.2384945229486,391.078807128383,0.447762378515629,1199.191197338003
montage/chameleon-cloud,montage/chameleon-cloud,montage-chameleon-2mass-05d-001,medium,Montage-05d,GREENHEFT,3,w_50_30_20_20,112.39475,662.2384945229486,391.078807128383,0.447762378515629,1199.191197338003
montage/chameleon-cloud,montage/chameleon-cloud,montage-chameleon-2mass-05d-001,medium,Montage-05d,GREENHEFT,3,w_50_30_20_30,112.39475,662.2384945229486,391.078807128383,0.447762378515629,1199.191197338003
montage/chameleon-cloud,montage/chameleon-cloud,montage-chameleon-2mass-05d-001,medium,Montage-05d,GREENHEFT,3,w_55_25_20_00,112.30091666666624,663.8578895741899,392.1878885236527,0.449162357975808,1205.1788747309674
montage/chameleon-cloud,montage/chameleon-cloud,montage-chameleon-2mass-05d-001,medium,Montage-05d,GREENHEFT,3,w_70_20_10_00,112.3105,664.5192176540486,392.3886658904203,0.4474225523331293,1202.5811412677274
montage/chameleon-cloud,montage/chameleon-cloud,montage-chameleon-2mass-05d-001,medium,Montage-05d,GREENHEFT,4,w_25_25_20_30,111.01011538461528,665.717016161271,393.3692157912353,0.4499180051361997,1210.2141542118518
montage/chameleon-cloud,montage/chameleon-cloud,montage-chameleon-2mass-05d-001,medium,Montage-05d,GREENHEFT,4,w_35_25_20_20,110.84707692307688,666.7391257050832,393.9789978336424,0.4499708453699876,1212.1886996218675
montage/chameleon-cloud,montage/chameleon-cloud,montage-chameleon-2mass-05d-001,medium,Montage-05d,GREENHEFT,4,w_40_30_20_10,111.03111538461536,666.8493333381404,393.8290425826512,0.4480123970718068,1208.0875182714503
montage/chameleon-cloud,montage/chameleon-cloud,montage-chameleon-2mass-05d-001,medium,Montage-05d,GREENHEFT,4,w_50_30_20_00,111.05709999999998,667.7639006252421,394.3429966403455,0.4477734498624402,1209.2209265542986
montage/chameleon-cloud,montage/chameleon-cloud,montage-chameleon-2mass-05d-001,medium,Montage-05d,GREENHEFT,4,w_50_30_20_20,111.05709999999998,667.7639006252421,394.3429966403455,0.4477734498624402,1209.2209265542986
montage/chameleon-cloud,montage/chameleon-cloud,montage-chameleon-2mass-05d-001,medium,Montage-05d,GREENHEFT,4,w_50_30_20_30,111.05709999999998,667.7639006252421,394.3429966403455,0.4477734498624402,1209.2209265542986
montage/chameleon-cloud,montage/chameleon-cloud,montage-chameleon-2mass-05d-001,medium,Montage-05d,GREENHEFT,4,w_55_25_20_00,110.9213461538461,668.470476998336,394.9007681787029,0.4490524680740459,1213.310593590536
montage/chameleon-cloud,montage/chameleon-cloud,montage-chameleon-2mass-05d-001,medium,Montage-05d,GREENHEFT,4,w_70_20_10_00,110.88468749999998,668.4707737766571,394.7763325914332,0.4479184574891277,1210.8189140619104
montage/chameleon-cloud,montage/chameleon-cloud,montage-chameleon-2mass-05d-001,medium,Montage-05d,GREENHEFT,5,w_25_25_20_30,109.4542999999997,673.0102268777339,396.8835050012395,0.4426729418730974,1207.5678312472687
montage/chameleon-cloud,montage/chameleon-cloud,montage-chameleon-2mass-05d-001,medium,Montage-05d,GREENHEFT,5,w_35_25_20_20,109.3123,674.6222343298518,397.8254114281059,0.4425926613338937,1210.2858852634172
montage/chameleon-cloud,montage/chameleon-cloud,montage-chameleon-2mass-05d-001,medium,Montage-05d,GREENHEFT,5,w_40_30_20_10,109.42899999999996,675.3478520871776,397.8651552412853,0.4389981222437605,1203.8245839537226
montage/chameleon-cloud,montage/chameleon-cloud,montage-chameleon-2mass-05d-001,medium,Montage-05d,GREENHEFT,5,w_50_30_20_00,109.43335000000002,676.8535370033885,398.5875458706098,0.4374627734172163,1203.2155473781118
montage/chameleon-cloud,montage/chameleon-cloud,montage-chameleon-2mass-05d-001,medium,Montage-05d,GREENHEFT,5,w_50_30_20_20,109.43335000000002,676.8535370033885,398.5875458706098,0.4374627734172163,1203.2155473781118
montage/chameleon-cloud,montage/chameleon-cloud,montage-chameleon-2mass-05d-001,medium,Montage-05d,GREENHEFT,5,w_50_30_20_30,109.43335000000002,676.8535370033885,398.5875458706098,0.4374627734172163,1203.2155473781118
montage/chameleon-cloud,montage/chameleon-cloud,montage-chameleon-2mass-05d-001,medium,Montage-05d,GREENHEFT,5,w_55_25_20_00,109.4081923076923,677.3723211375408,399.2886939418637,0.4411353095030879,1212.0506674616377
montage/chameleon-cloud,montage/chameleon-cloud,montage-chameleon-2mass-05d-001,medium,Montage-05d,GREENHEFT,5,w_70_20_10_00,109.40735,677.9231063885882,399.39582485493247,0.4391236232683506,1208.6854332125354
montage/chameleon-cloud,montage/chameleon-cloud,montage-chameleon-2mass-05d-001,medium,Montage-05d,HEFT,1,anchor,110.16754999999988,670.4819666213675,395.98842624298845,0.4481397617274079,1214.9488586459208
montage/chameleon-cloud,montage/chameleon-cloud,montage-chameleon-2mass-05d-001,medium,Montage-05d,HEFT,2,anchor,112.31384615384614,665.5780931175768,393.4039978460311,0.4509786125508524,1212.299025744622
montage/chameleon-cloud,montage/chameleon-cloud,montage-chameleon-2mass-05d-001,medium,Montage-05d,HEFT,3,anchor,112.33214999999996,666.2596745312609,393.5987672737194,0.4490892476167337,1209.3786001615913
montage/chameleon-cloud,montage/chameleon-cloud,montage-chameleon-2mass-05d-001,medium,Montage-05d,HEFT,4,anchor,110.8730999999999,669.5541724976816,395.54193483117774,0.4490612680532865,1215.2969716466084
montage/chameleon-cloud,montage/chameleon-cloud,montage-chameleon-2mass-05d-001,medium,Montage-05d,HEFT,5,anchor,109.3084999999996,678.898988132554,400.15493444561264,0.4408252506774092,1214.1088075865098
montage/chameleon-cloud,montage/chameleon-cloud,montage-chameleon-2mass-05d-001,medium,Montage-05d,MOHEFT,1,w_25_25_20_30,112.10304999999995,658.900298651817,388.1286190627744,0.4385502028199024,1173.569394736955
montage/chameleon-cloud,montage/chameleon-cloud,montage-chameleon-2mass-05d-001,medium,Montage-05d,MOHEFT,1,w_35_25_20_20,111.79200000000004,662.5603982125282,390.1577193637417,0.4373400957485901,1177.5504051493174
montage/chameleon-cloud,montage/chameleon-cloud,montage-chameleon-2mass-05d-001,medium,Montage-05d,MOHEFT,1,w_40_30_20_10,111.72614999999998,664.5175390306338,391.0759188201197,0.4350988216148722,1176.3429860958329
montage/chameleon-cloud,montage/chameleon-cloud,montage-chameleon-2mass-05d-001,medium,Montage-05d,MOHEFT,1,w_50_30_20_00,111.42711538461543,666.3738422079957,392.5594690659736,0.4388199049206536,1187.4509592393083
montage/chameleon-cloud,montage/chameleon-cloud,montage-chameleon-2mass-05d-001,medium,Montage-05d,MOHEFT,1,w_50_30_20_20,111.62331250000004,663.5100759009007,390.82165746166646,0.4383375234678606,1181.332390224093
montage/chameleon-cloud,montage/chameleon-cloud,montage-chameleon-2mass-05d-001,medium,Montage-05d,MOHEFT,1,w_50_30_20_30,111.58425000000004,662.1566885730301,390.14258378002654,0.4394605820278928,1181.2847898699915
montage/chameleon-cloud,montage/chameleon-cloud,montage-chameleon-2mass-05d-001,medium,Montage-05d,MOHEFT,1,w_55_25_20_00,111.2183,667.2937538599693,393.1020313299725,0.4388259852368714,1189.103087999565
montage/chameleon-cloud,montage/chameleon-cloud,montage-chameleon-2mass-05d-001,medium,Montage-05d,MOHEFT,1,w_70_20_10_00,111.0907,667.8533812108701,393.6364993663452,0.4407506948438111,1194.196175218016
montage/chameleon-cloud,montage/chameleon-cloud,montage-chameleon-2mass-05d-001,medium,Montage-05d,MOHEFT,2,w_25_25_20_30,114.07599999999992,652.5536140885986,384.5582650928439,0.4401704796530012,1165.6291609705454
montage/chameleon-cloud,montage/chameleon-cloud,montage-chameleon-2mass-05d-001,medium,Montage-05d,MOHEFT,2,w_35_25_20_20,113.8928125,656.9918950705764,386.9317309229274,0.4378513840462514,1168.7156677525695
montage/chameleon-cloud,montage/chameleon-cloud,montage-chameleon-2mass-05d-001,medium,Montage-05d,MOHEFT,2,w_40_30_20_10,113.90119230769233,659.2170188136668,388.0356194830149,0.4358637471935147,1168.542201523402
montage/chameleon-cloud,montage/chameleon-cloud,montage-chameleon-2mass-05d-001,medium,Montage-05d,MOHEFT,2,w_50_30_20_00,113.4737499999998,661.0460842826187,389.3650625323599,0.4382874008323024,1176.8404078207975
montage/chameleon-cloud,montage/chameleon-cloud,montage-chameleon-2mass-05d-001,medium,Montage-05d,MOHEFT,2,w_50_30_20_20,113.62003846153846,657.8503489593807,387.52725241573415,0.438714144507423,1172.041558720645
montage/chameleon-cloud,montage/chameleon-cloud,montage-chameleon-2mass-05d-001,medium,Montage-05d,MOHEFT,2,w_50_30_20_30,113.64175,656.8259439773725,387.0861104775488,0.4402669084233296,1173.4627697769508
montage/chameleon-cloud,montage/chameleon-cloud,montage-chameleon-2mass-05d-001,medium,Montage-05d,MOHEFT,2,w_55_25_20_00,113.51934999999996,662.099349973833,390.1404587715599,0.439760900458732,1181.81567569266
montage/chameleon-cloud,montage/chameleon-cloud,montage-chameleon-2mass-05d-001,medium,Montage-05d,MOHEFT,2,w_70_20_10_00,113.03474999999972,662.4722817499871,390.5503994102371,0.4415573100720372,1186.285170704664
montage/chameleon-cloud,montage/chameleon-cloud,montage-chameleon-2mass-05d-001,medium,Montage-05d,MOHEFT,3,w_25_25_20_30,114.46049999999995,654.3931987762234,385.5477491997318,0.4392628072548383,1167.0229962320975
montage/chameleon-cloud,montage/chameleon-cloud,montage-chameleon-2mass-05d-001,medium,Montage-05d,MOHEFT,3,w_35_25_20_20,113.5413125,657.6407153013419,387.4134720400435,0.4388071685939094,1171.8622877872376
montage/chameleon-cloud,montage/chameleon-cloud,montage-chameleon-2mass-05d-001,medium,Montage-05d,MOHEFT,3,w_40_30_20_10,113.78937499999994,659.2449472584559,388.0403599692553,0.4357507703878864,1168.3577268003237
montage/chameleon-cloud,montage/chameleon-cloud,montage-chameleon-2mass-05d-001,medium,Montage-05d,MOHEFT,3,w_50_30_20_00,113.34462499999998,662.5916769219731,390.21393526721056,0.4377010521052152,1178.361936124291
montage/chameleon-cloud,montage/chameleon-cloud,montage-chameleon-2mass-05d-001,medium,Montage-05d,MOHEFT,3,w_50_30_20_20,113.18411538461544,658.2345423969554,387.9676103841408,0.4407555236678878,1177.0067837130546
montage/chameleon-cloud,montage/chameleon-cloud,montage-chameleon-2mass-05d-001,medium,Montage-05d,MOHEFT,3,w_50_30_20_30,113.3273076923077,657.5892543674232,387.6275612750124,0.4411384843164048,1176.658681825798
montage/chameleon-cloud,montage/chameleon-cloud,montage-chameleon-2mass-05d-001,medium,Montage-05d,MOHEFT,3,w_55_25_20_00,113.18839999999996,662.2629560325076,390.2205633691809,0.4396063570141381,1181.7817070583656
montage/chameleon-cloud,montage/chameleon-cloud,montage-chameleon-2mass-05d-001,medium,Montage-05d,MOHEFT,3,w_70_20_10_00,112.9598461538462,662.6799027246459,390.7035202938235,0.4418463085588853,1187.2713786298418
montage/chameleon-cloud,montage/chameleon-cloud,montage-chameleon-2mass-05d-001,medium,Montage-05d,MOHEFT,4,w_25_25_20_30,112.79175000000002,656.1827933254993,386.52713478147,0.4385432490023795,1168.7147623740857
montage/chameleon-cloud,montage/chameleon-cloud,montage-chameleon-2mass-05d-001,medium,Montage-05d,MOHEFT,4,w_35_25_20_20,112.41973076923075,660.6624245518917,389.00326712324113,0.4369871429665388,1173.4410969457135
montage/chameleon-cloud,montage/chameleon-cloud,montage-chameleon-2mass-05d-001,medium,Montage-05d,MOHEFT,4,w_40_30_20_10,112.22229999999996,663.9067069264051,390.4920420365292,0.432933395753408,1170.77377146633
montage/chameleon-cloud,montage/chameleon-cloud,montage-chameleon-2mass-05d-001,medium,Montage-05d,MOHEFT,4,w_50_30_20_00,112.30457692307692,666.2691669878188,392.1051160647039,0.4350829660661031,1179.4106514156856
montage/chameleon-cloud,montage/chameleon-cloud,montage-chameleon-2mass-05d-001,medium,Montage-05d,MOHEFT,4,w_50_30_20_20,112.1051153846154,662.5043222516094,390.15542569717184,0.4376336124383694,1178.0652914271045
montage/chameleon-cloud,montage/chameleon-cloud,montage-chameleon-2mass-05d-001,medium,Montage-05d,MOHEFT,4,w_50_30_20_30,112.1253999999998,660.9102062930398,389.36354403771367,0.4390360733583892,1178.168817823614
montage/chameleon-cloud,montage/chameleon-cloud,montage-chameleon-2mass-05d-001,medium,Montage-05d,MOHEFT,4,w_55_25_20_00,112.07075000000002,666.6782725009117,392.47870539006095,0.4363517673528811,1182.79138279189
montage/chameleon-cloud,montage/chameleon-cloud,montage-chameleon-2mass-05d-001,medium,Montage-05d,MOHEFT,4,w_70_20_10_00,111.86869230769236,667.558569445622,393.23004464077343,0.4385617859495048,1189.0151983590583
montage/chameleon-cloud,montage/chameleon-cloud,montage-chameleon-2mass-05d-001,medium,Montage-05d,MOHEFT,5,w_25_25_20_30,110.67139999999996,664.8429423625736,390.96021247978,0.432134234854226,1170.7748259695215
montage/chameleon-cloud,montage/chameleon-cloud,montage-chameleon-2mass-05d-001,medium,Montage-05d,MOHEFT,5,w_35_25_20_20,110.1602692307692,670.0454607827214,393.6878664909518,0.4289236288096458,1173.3027219915723
montage/chameleon-cloud,montage/chameleon-cloud,montage-chameleon-2mass-05d-001,medium,Montage-05d,MOHEFT,5,w_40_30_20_10,110.24224999999998,673.4375504777303,395.2761264013602,0.4249760814751545,1171.1470232496297
montage/chameleon-cloud,montage/chameleon-cloud,montage-chameleon-2mass-05d-001,medium,Montage-05d,MOHEFT,5,w_50_30_20_00,110.35399999999996,678.4497435299597,398.2207852516158,0.4250027642306238,1179.9182697324288
montage/chameleon-cloud,montage/chameleon-cloud,montage-chameleon-2mass-05d-001,medium,Montage-05d,MOHEFT,5,w_50_30_20_20,110.0073499999999,672.3092646493701,395.08956992817184,0.429617395056211,1178.6987520694386
montage/chameleon-cloud,montage/chameleon-cloud,montage-chameleon-2mass-05d-001,medium,Montage-05d,MOHEFT,5,w_50_30_20_30,110.02979999999988,670.0880220634475,393.94966486854486,0.4312192646907416,1178.1130767361612
montage/chameleon-cloud,montage/chameleon-cloud,montage-chameleon-2mass-05d-001,medium,Montage-05d,MOHEFT,5,w_55_25_20_00,110.22925000000002,678.4174097171125,398.3030247176617,0.4259876318614312,1181.8863971818075
montage/chameleon-cloud,montage/chameleon-cloud,montage-chameleon-2mass-05d-001,medium,Montage-05d,MOHEFT,5,w_70_20_10_00,110.04869230769228,678.8652954072267,398.7642300318358,0.427905620608706,1186.6316465641771
